Element,Coordinates
H,"[37.165372114146535, -199.78941977325226, -147.84666702112355, 219.5409616057637, 253.11211718135365, -268.9441646541195, 39.72265645073351, 420.84426118313587, -18.02276766209728, 4.953049558524754, 219.04570651594796, -108.01041675595457, -190.36361321465293, -211.71904605397458, -112.20785461609326, 241.89376752921152]"
He,"[165.72595853893554, -101.46383606304965, -256.2061080473633, -52.02156286648313, 224.1522186463838, -400.35209921590706, -46.39654580937875, 59.65692559411074, -254.99325108194705, 19.9618180802147, 47.66620697871874, 436.17268992603545, -116.33285843315696, -95.89903025765334, -49.14702769991018, 177.46587481310797]"
Li,"[-73.17618767240606, 24.061953253024278, 314.297499588718, 38.97058946013267, 41.58772111415075, -127.38622849852493, 35.02899350876601, 405.9924393403332, -84.35271274525091, -192.99577991014021, -55.09896493316674, 15.78358060145552, 133.9684265873678, -65.40352646387325, 321.44837868444165, 21.747693401641396]"
Be,"[260.84913358141813, 39.45638930473594, 78.2242140550854, 108.18783526588845, -24.690203946339622, 203.2978609556558, -118.81571130821537, 326.8522141153349, -327.07898480058446, 103.70003256011069, 252.94640570298512, 107.8990283374503, 129.69388075085868, 7.260401701663165, 15.952294811761154, 193.1677065190375]"
B,"[-123.79722374208129, 278.86191301786624, -336.86507603030407, -72.72589634764049, 102.32674808562331, -19.68166833255893, 208.71986005985912, 233.73180753956476, -264.3194533557786, -241.47381296318875, 263.2965909036687, 257.1661156586957, -16.778232481536406, 174.38126768149544, -141.73788830073704, -58.67860132538686]"
C,"[179.9066918416161, 153.84394948669873, 17.570119885726672, -179.01864834312386, 528.3804417100573, -30.181289558062733, -114.46457951658743, 34.053976948190616, -149.56071899467025, 62.53856583559769, -195.16298930456304, -19.24359269010757, -125.41555454927443, 263.3104000795227, -97.59485221462408, 310.92300089054584]"
N,"[-39.10442206306038, 263.0331065491379, 72.8928909761289, -239.18915345690073, 305.279690450338, 104.4623303932922, 255.87940964802328, -111.62985800908619, -324.7124316935333, 233.40841622654185, -76.2117425296735, 239.8521807963923, -17.532535121728046, 140.09145021782854, 159.9570820691471, -234.21232648576424]"
O,"[-88.89991497372259, -171.09206209063507, 144.25045803276473, -19.19773125699081, 429.12479954359446, -129.1586701671844, 119.69091658760182, 26.70205578204449, 45.90199813677778, 445.73301747827566, -244.67511463784174, -7.969986362460788, -211.43908821187932, -193.66805769883499, 143.37553178373832, -34.54771314917834]"
F,"[83.58857036972073, -126.80051198169862, -68.8142849547265, 170.0693413267664, 201.96910113538124, -56.3563485823116, 17.158756832098444, -27.377789282048585, -423.11925851864225, 160.5332662512261, -228.35320729535673, -177.14630042683962, -78.79367342572118, -232.36013321976262, 258.84571448679907, 348.7421215090111]"
Ne,"[-267.72083936210225, 7.877997844188979, -121.10572856460806, 65.44544159908273, 374.5952842847207, -84.93301830183104, -194.17060940646957, 275.1883491332612, 168.09359987490015, 210.82663761792716, -205.94564876939887, 218.81731698123045, 49.933409778246485, -34.88861267980963, -202.9035149286761, 280.9495616446873]"
Na,"[-212.57737886077715, 86.62314885865361, 313.7891891316623, 29.619008076130303, 120.33534574616331, -278.3972211584439, 11.096284888908679, 352.864632606759, -151.67029687433276, -188.73669061351762, -72.03308528689817, 66.56293046340664, 1.9445602390396053, 53.59240714337683, 359.2359956293914, 46.47954368815998]"
Mg,"[74.12723855657667, -65.95333666261125, 40.189218778746856, -175.18343576244285, -117.7027846601785, -10.745465889257746, -42.10803006304942, -129.37763938220533, 96.50493210204041, -33.81215142702484, 79.92875707859334, -107.92831930553687, 131.15836503495714, -68.20339769890457, -65.09978821379147, -49.1073544042196]"
Al,"[-28.860276019260905, -72.9133337808399, 23.48991297610256, -54.269384189837815, -174.9368490610362, -23.70411994392971, -103.41144773995978, -177.33447484642096, 76.3899133266185, 3.3015845382509843, 68.53425247273175, -73.91798362394576, 70.47865340565828, 46.49063672763143, -52.86998862280359, -25.98259511128563]"
Si,"[-132.8583681396812, -205.15095280728767, 16.66808560288046, 226.7024817824379, -71.92772432605523, 63.427968153924134, -224.92966006647367, -9.12898583346601, -203.81007397027284, 112.75928544292441, 30.32482978325395, 50.61128005144056, -262.90577115390727, 326.3005656315126, -85.82035701168076, -112.27711194317997]"
P,"[119.66325732947982, -51.10132720856359, -289.6245126509367, -169.83253240173704, 4.432400269254723, 211.99247823367702, -98.20407667973147, 352.689963868828, -9.348745880710675, 20.216881229831078, -251.0865442032509, 227.18207325674658, -233.08491677022334, -21.446886450653086, 314.5193248127103, -37.17759127953317]"
S,"[-174.1135010189312, -26.45353008254556, 65.9600867936837, 39.256484617107, 80.8949005156303, 364.1645893529678, 187.47687001692387, 366.12738123037144, -95.22302310195299, 59.66901166455196, -96.35192931768657, -274.837231424254, 13.927728772043974, 69.78628457960754, -141.17387507498884, 0.31177044792720354]"
Cl,"[-24.966808788841714, 460.90305001718394, -83.39608687504139, 120.85871448361041, 184.78746215336128, -84.72894429768914, -178.3521944226651, 120.8264444368061, -288.523162944957, 123.69681301508712, -87.727535829167, -74.79937416466973, -230.2961482958786, -319.90753216377533, -59.271495034827744, -168.27815819734906]"
Ar,"[-78.81764585724338, -153.45071810608997, -0.6812612259511381, 161.8659038668506, 389.7598578488459, 24.324839761729823, -43.79311650981835, 145.2526063557759, -242.66735200701743, 172.7316482771813, 71.13943082540435, 359.2375520201023, 253.34933371548934, -237.51128775684452, 18.230270014115902, -252.12214046891657]"
K,"[-256.66789707603976, 51.912089230825835, 306.5276966372152, 79.87675703622826, 63.812731715534966, -290.0527060199808, -48.479123040905804, 251.1460277874881, -164.02145062160199, -157.17355630390097, -73.84640767689712, 80.94156873930022, -90.7790439554514, 182.24025078456117, 300.1402402865169, 19.048849289718905]"
Ca,"[200.1307483601458, 34.157422372538655, 118.48485820939814, 217.1784819048401, -166.6958836384205, 67.99152802110407, 177.9794139160518, -118.61919502291812, 159.24930111768563, -82.13506638989786, -113.0363533357299, 102.29266696236404, 22.71254645246795, -15.684629900409325, -114.20298614956268, -17.11566586042266]"
Sc,"[119.71108089559027, -2.5125431928818336, 71.21459010696344, 87.91710047024537, -168.9988717539439, 9.829310397399242, 44.98658284549528, -152.8337884525327, 157.69227955291564, -52.68035437710058, -35.239515538402664, -2.0510957131256524, 76.94414938963044, 16.681853307254823, -86.54450118035719, -14.155813944065992]"
Ti,"[118.9959220266557, 12.223860983652735, 40.16810434081485, 18.27653374438386, -156.12827053057322, -8.891241755711919, 28.81720504290632, -168.20816430669646, 192.1475249957129, -51.11844234768872, -8.319316358252415, -49.67793296874806, 134.01083192664274, -16.561190661713535, -70.0949975546949, 2.695971686206829]"
V,"[98.28996996902131, 14.04216203429556, 11.996073167250893, -37.06478547256684, -144.65677021005018, -18.596574046609543, 5.506526750287631, -173.4492945862105, 196.408880022474, -40.47427174493097, 17.289450823860637, -81.39226848607774, 161.83667090521465, -35.57183543635819, -56.116192924017696, 13.201546389798281]"
Cr,"[32.21407820599053, -28.274137495171868, -1.813117553483052, -126.85633898312788, -133.57405892953895, -25.283253355180864, -53.774239585374204, -156.46065334950381, 129.54291919454897, -16.835346014288017, 63.19980507677856, -106.83736654293041, 146.8903680182421, -40.59997092509363, -45.345460507466726, -2.364189007756774]"
Mn,"[62.71276622271332, -32.24771031886881, 22.31390804747218, -99.8071804136837, -129.56145752523196, -14.841074919966204, -29.741948843314237, -143.87211517787927, 124.07566314920004, -28.439372521299706, 48.10668898555957, -86.79534374637797, 128.2722558341414, -38.977589030700095, -58.111412323087734, -17.416086791389418]"
Fe,"[-9.112659469315775, -60.92505690490725, -3.7513830388305864, -187.56381403167012, -111.86860171530903, -40.84370101818537, -104.0537394413787, -138.69490295314625, 81.6195188487661, -3.9999051820269544, 100.42012420177389, -131.81731789219944, 132.68142030587856, -30.436872317652632, -31.90459754520559, -20.61971726213834]"
Co,"[-42.0493399294779, -78.2219984940379, -22.549360941277325, -263.6140099896728, -96.29918263103309, -38.30582408943298, -126.27289431767251, -122.56269090333964, 44.77539052762296, 10.210604657741152, 129.339470588592, -150.08179961076627, 136.66703374547555, -61.31570322822755, -24.497439304399915, -23.928429893374034]"
Ni,"[-66.17343315960171, -80.4190155026742, -33.596008683046605, -287.961495606591, -91.3513924598237, -41.42436957890406, -137.58317974952232, -110.1789330993295, 25.92978032129711, 17.457674411896118, 132.20847038460795, -153.95034721086685, 136.39284943356662, -67.32342235337859, -18.970026396957866, -17.779072842710356]"
Cu,"[-187.47383485153603, -66.02983726825606, -101.20062123990184, -384.0974269462405, -69.34004516207344, -53.708094344887115, -176.37259165099147, -68.53109420530012, -36.98029665419877, 55.052881735792496, 147.42231012449616, -167.96812371921612, 146.9198742159148, -104.48241148143609, 25.623653577675093, 31.419736396299914]"
Zn,"[-6.7117709116614614, -97.56826243594699, -5.651886952844623, -320.75786284653134, -60.0022568463842, -39.25302518097764, -128.22769590895732, -92.99674179859537, 31.369027119996524, -1.4435712390526447, 150.56175181877924, -173.77000173247166, 143.4079917570125, -84.76471528078774, -25.9950800637337, -52.82257812939298]"
Ga,"[-117.41996555075553, -169.22262010887297, 35.11519535933374, 66.0102437394527, -176.47372997148668, -7.2018518073203674, -218.00521588066272, -140.36316860757287, -64.16887295978474, 60.528874246371096, 68.48320571232436, -31.613085235238486, -91.1461439697546, 221.32318216050595, -80.78531103824733, -80.95754609692857]"
Ge,"[-154.63708936685924, -204.6520979251171, 13.58150033610582, 228.77372752489688, -63.384525384841, 49.79051611573364, -234.79676118018597, -10.160633000371003, -219.5756972673495, 117.99355203109013, 32.79189833967989, 56.319662504458236, -275.81816336298186, 335.5125145315026, -80.85824289419875, -110.06599967863205]"
As,"[128.8848936050736, -64.48489227163206, -256.4642946135253, -155.98652490345611, -33.93849659268018, 221.13401439735867, -98.9081333076237, 330.2587646257342, 10.107288153901461, 11.804656212001717, -240.16831925308404, 201.91157502787775, -209.28453071157483, -6.501139769440204, 290.15230769075737, -45.48202478832369]"
Se,"[-174.6263560999364, -25.86690973310351, 65.65414238887837, 38.922542427555186, 81.12562642918431, 363.7331161565401, 187.04636803141787, 366.07538159699726, -94.94476456524073, 59.20595311143626, -97.03357729127171, -275.1235673637415, 13.504581351798642, 70.05874615181587, -141.82855264592752, 1.8347865983755316]"
Br,"[-25.28469667014363, 460.83078230913924, -82.84899285252064, 120.47023712216047, 185.09589461389473, -84.30991993863663, -177.80025880720854, 120.27265863349425, -287.45525826358113, 123.99158934534326, -86.48687579913394, -73.76586282200438, -231.56324411902565, -320.2844524784593, -58.51485883287425, -170.3380227425226]"
Kr,"[-149.2145371869819, -2.3227810082241103, 220.38723970649613, -108.4413999878169, 252.07044045272045, 211.58697399668097, 23.586322915564, -64.26106922282572, -166.9700661540037, 21.544367451143746, 94.33014483156278, 271.25277580951814, -408.13877141646674, -320.8015196460999, 23.564914340441074, 249.6558484156834]"
Rb,"[-285.2389802815189, 61.65490288575527, 283.67014318530113, 80.80635874994596, 67.33746809174016, -314.01329429137746, -61.645614397957736, 192.25324534167078, -168.58648975024977, -139.4940260685081, -76.28105308241943, 92.04665130259863, -143.7466625774922, 234.7148438081706, 276.3553780316138, 18.527614320419882]"
Sr,"[200.9191829893101, 34.46947918665905, 119.80888974063355, 220.35147239452536, -165.13575457021048, 70.40227203724524, 181.70966181652295, -115.67469406537651, 156.3555211821634, -82.3290106394946, -114.7627298823863, 106.15589702713847, 19.142840078245886, -16.828741203113722, -114.45879925077821, -17.669641552548523]"
Y,"[161.5216522111719, 19.598012101879174, 87.0343806346028, 138.3137500171749, -174.2047348012904, 25.456374247281627, 96.93593587527221, -148.85803292192878, 179.5860037808366, -68.75974402973665, -69.99138212256845, 29.23573586118912, 73.62988551228301, 4.187553353589912, -99.27498070388187, -9.375487122737468]"
Zr,"[153.69261423202104, 30.047443687009483, 65.25794082516045, 110.71228831326648, -165.3876156663058, 9.609547580078239, 78.97347439662475, -158.46228531655856, 200.52530735489046, -64.73254447712097, -56.08674629052053, 0.601591831980891, 103.1260207028466, 0.12223599558938202, -85.48923297323753, 3.8457024017940933]"
Nb,"[176.39323404858393, 87.60503073371298, 5.353230179978111, 93.36022693761198, -116.36703521631361, -26.177919969462998, 68.5474503307485, -149.6346804444241, 273.59358277479265, -64.54388861483433, -65.92574754126544, -56.16733404642254, 178.25147206860512, -4.110433861504323, -55.88005406743204, 51.46073532428529]"
Mo,"[25.341480296006605, 57.19652080837053, -122.7576730508177, 182.56920510819972, 309.07284671481136, 174.26277861460628, -2.4890724448206205, 16.937513044894235, 131.65669241448794, 85.7418691777964, 319.9391049213367, -118.72052883680087, -63.47615945715884, 90.8950763443955, 364.6930235959526, -18.19995842861519]"
Tc,"[-129.66220582852432, -3.605287415894738, -150.70017702398073, -292.0613627065275, 61.99583921470497, -55.33176699550388, -155.8821678536127, -146.14374460181548, 82.09123688021015, 69.29983943387958, 265.65243474251696, -212.41155892196863, 159.99985405112815, -86.29408995172076, 137.99045560467152, 35.02048624778674]"
Ru,"[-169.0199885233058, -57.83019780812724, -117.60081182135002, -358.10776608822846, -4.934106735609167, -62.5456151704192, -192.57723133325297, -112.82386284646202, 6.561795477037181, 65.62311511077611, 224.7087915623547, -200.11169322370102, 143.33081021504807, -83.08933396309835, 79.13840797615678, 15.391242769743508]"
Rh,"[-159.2611347261658, -66.6675523916153, -89.29836516357054, -311.49132872811197, -69.33970200480105, -53.8016598204243, -181.14460462531164, -116.84201460661058, 6.337081071326971, 53.73556525421461, 171.09738532626716, -171.1370780889757, 134.3547773515899, -58.33136722606841, 35.37392026875034, 15.864011527343058]"
Pd,"[-170.1572669122262, -66.8464462219085, -95.25243823555692, -360.24173947782214, -69.1796399825444, -54.578144297597, -177.9594218983501, -92.50385435937697, -13.950130526223882, 52.7903734567273, 161.11572811854526, -173.43170295725338, 146.79487577982295, -89.65286434232033, 28.91133665123444, 22.879005636411755]"
Ag,"[-364.8079545377072, -33.83111623494962, -151.03873520849982, -415.53352684231425, -112.89262240300987, -64.03353067892266, -158.63268067346488, 55.33019238129929, -203.32524963303504, 83.94318210087884, 1.1922026293270345, -64.3287919556215, 95.60066222953482, -140.031623814374, -6.1055978086248395, 124.32341596068254]"
Cd,"[227.18011960559755, -198.29795138058714, 159.68863801228008, -330.1231486047064, 72.4610071211768, -2.9125704006233106, -61.57111091965808, 96.32462091975391, -81.93841439395288, -81.1631456960845, 106.83751178639608, -142.8546361844885, 34.77029490968123, -81.69742186281537, -115.53484631442409, -220.07850219446567]"
In,"[6.958878535262525, -55.659797022718244, 125.37140531945678, 184.9106474915379, -175.8493325471432, -25.38705569095508, -38.87686057719765, -111.58814366345776, 44.345478572443746, -36.4987157769232, -43.40414921718678, 44.07886478493672, -49.68817571044331, 167.20273281321082, -56.957818813980296, -43.8569861971574]"
Sn,"[-88.57855054815928, -173.46915626744786, 59.52028111135494, 230.53608467382156, -141.7849283169509, 36.81364911030245, -182.87193870194406, -72.99571239195416, -114.83700509038779, 67.12429229791043, 7.797576073844357, 47.48884060575888, -198.61479512006426, 299.33095456860895, -94.26414322755295, -99.70968731910898]"
Sb,"[140.0696798013219, -69.4946431630668, -238.8051326562989, -143.26827997612244, -51.51507737701514, 225.42334729639808, -95.08214312478134, 315.2961069645434, 22.639332710949176, 6.69910892798361, -234.9583830357558, 191.65753328849627, -197.41870818404368, -0.1558113210085903, 274.66884086028017, -50.22567533544013]"
Te,"[-196.41686252453547, -21.09707945810089, 58.10217256262665, 30.66476504897325, 99.81777661279402, 363.82981604886834, 190.4682138793907, 381.8084009760733, -110.88181870702867, 66.00974255377125, -97.646892563343, -280.06442205796486, 8.954043758855539, 66.78396004503273, -139.1770021955834, 7.14158455797481]"
I,"[-26.458776972926053, 460.7941448481796, -82.01961191257632, 119.75001548761838, 185.9856636640512, -83.42080556517519, -177.47706099326393, 119.14007916772995, -284.8067285149243, 124.69908509168737, -85.16209977232845, -71.8270180915912, -233.8201022546121, -320.7869077312206, -57.53354238297256, -173.48863031107953]"
Xe,"[-279.58627201602707, 294.4171934950726, 53.3602604894691, -79.05155577909399, 475.4062993370476, 222.11010533420736, -109.81984012133462, 111.49392505678573, 83.1256497364733, -189.92609668523528, 58.50743614672382, 333.7013483689969, -23.41377606199159, -14.880348786431636, -68.2821502146931, -38.941236335454356]"
Cs,"[-293.2281647056721, 65.00315351332137, 277.81667814397196, 80.37328169250632, 72.43566264032943, -320.6167565961082, -64.06942875761013, 181.8541110311218, -172.1208455271432, -135.17638208315373, -76.4389119045362, 95.22090164425555, -156.3081817718069, 244.79461700478038, 272.8708550922647, 18.94867973768417]"
Ba,"[202.6614133121184, 34.73218408784978, 124.19870153831506, 227.21461548539696, -159.70425828872635, 78.97642311073324, 194.57597567340147, -106.59034852854901, 145.427643331079, -82.68638361500923, -118.27523775344216, 118.6717459754079, 7.648192441137392, -23.665245884873762, -115.3764773671945, -20.050800491033723]"
La,"[184.35562698995116, 27.754328855207294, 108.40112931217058, 187.464427545604, -174.0597213507674, 45.58046865814141, 140.07413913043575, -134.9939914397649, 172.4255137022284, -78.52754106267743, -95.90818573154745, 69.26375103918109, 46.16914967182765, -0.6519948417293212, -107.62199644983617, -14.145767903519342]"
Ce,"[173.2319523703167, 26.843967836329675, 90.22874328380023, 154.56710178727053, -171.5524580116547, 30.619484208398635, 112.25462081456003, -143.85328441371405, 183.97948555222015, -72.65473509468646, -80.5819524357172, 39.15220959850311, 70.42458669297628, 1.5004088844656227, -100.92354040748587, -7.626447769073081]"
Pr,"[168.1125287180475, 22.3421428696521, 87.39148993850931, 147.910467646076, -172.47512454496677, 29.901132380104414, 103.8451710333055, -143.76686168075904, 180.6949858754334, -70.14405359160094, -76.97078873405496, 35.9479446035607, 69.24132779151671, 4.424650423361229, -99.1029354358643, -9.192194598344615]"
Nd,"[170.69992301986343, 25.185428282512646, 90.07535067161025, 150.20175693832184, -172.2293525563957, 29.62144594786631, 109.57423073480948, -145.05057864238393, 182.71956788443867, -72.05358831658708, -77.92851870735248, 37.15304319501806, 71.26514745269992, 1.0440228763869743, -100.69041166863627, -8.196354451204389]"
Pm,"[36.35338819818593, -32.7930001560078, 54.773272302195046, 2.839070640643815, -119.98916777711331, 15.81165276326347, -9.946618740018021, -58.44362865965164, 72.10355456618571, -31.01386625018087, -10.90192791978768, -31.963171380288, 48.57094871005261, 26.84631961564279, -35.05851058750347, -20.815615180278066]"
Sm,"[162.62849075351983, 18.668894024288814, 86.13816723915802, 140.06768423979636, -173.70827647781482, 27.81589375180381, 97.07089178685604, -146.35155100113073, 178.08400128490894, -68.18533770349457, -71.64179107398395, 31.382439078110774, 70.65331449434153, 5.080344310819017, -99.0602115772389, -10.235696051743238]"
Eu,"[179.72090485092198, 23.96932720471875, 109.38778230960567, 184.0059212274672, -176.62711931808118, 46.35800003835299, 137.2771602400205, -136.91828269679112, 168.09714966857328, -77.14026789568763, -92.43292307223864, 69.61329521814852, 43.70312368741879, -0.786264521166499, -107.98179553033016, -16.091681808744895]"
Gd,"[159.73660616315718, 17.19286781278541, 87.18383149782775, 139.44860673294173, -174.28601767699348, 26.292487690092972, 94.51447014165407, -147.37915405286296, 176.2573119154048, -67.6689008456431, -69.90737463096147, 30.303061271652204, 70.04737112732157, 7.106243550501573, -99.28900243993328, -10.834286782441517]"
Tb,"[151.56384538746818, 11.12626299343798, 83.5371175758282, 129.73556246693056, -174.5187674575739, 24.071565207804976, 82.15285419293397, -146.72507966163403, 171.00237858434355, -64.17091675939527, -64.43860577943694, 25.022825910643135, 68.67470108094435, 11.745040508625136, -96.4592091894319, -12.773871792847045]"
Dy,"[147.58360320607414, 7.833446126377582, 82.47757832858073, 125.48484655294553, -174.5687359392265, 23.21009973068685, 76.52694828810083, -146.1375874636187, 167.62809114799072, -62.55384535451838, -61.8207508595719, 23.020825481248423, 67.24128043914345, 14.060366362317138, -95.44246979402266, -14.139288127958158]"
Ho,"[146.37410415975663, 7.2445025668780465, 83.00755926742579, 124.6514268531949, -174.69195330823825, 22.42294053565715, 75.6097212802105, -146.926828454916, 166.8993250993983, -62.34441524283749, -60.642685875858504, 22.16349927123489, 67.4958889815434, 14.371571977055133, -95.86436297718684, -14.368031474715558]"
Er,"[147.69018959484052, 8.54691116532488, 83.84719650422937, 126.0547616748893, -174.78704529459927, 22.330099325782058, 77.86910226937057, -147.80809381421585, 168.26084419591297, -63.05665291978985, -61.16526342780329, 22.5169082170857, 68.56184591725089, 13.258671991418373, -96.67466187461815, -13.809892257854]"
Tm,"[132.51607715778962, -4.2386690085676735, 78.86058549398123, 107.60508409789607, -173.05683904796118, 18.516002467050818, 55.11366282205129, -144.18691983627755, 154.98738406190142, -56.63546250758844, -50.389751182215505, 13.410545987911526, 63.578514581383565, 22.006096989286608, -91.93686881321318, -19.19341366321836]"
Yb,"[153.47857168566824, 13.14115061538952, 86.20138694389217, 134.73547638517203, -174.75734097858916, 24.291820600168133, 86.86181767269652, -147.98028004119408, 172.0511860176447, -65.40468269097805, -65.87691503914805, 27.155700136120366, 68.68102017417206, 10.819054207116157, -98.41682644678335, -12.20514425830758]"
Lu,"[130.41353092395096, -4.881287854723351, 78.92215963550125, 107.4653771568099, -173.55480769605967, 17.72288589432083, 53.506617501166126, -145.0865370927249, 154.09872390028346, -56.04132106142604, -49.37259060917747, 12.785315738031239, 63.33779790651527, 23.221541336608233, -91.98534138659701, -19.164629059959545]"
Hf,"[144.99458543778726, 16.088254441822357, 66.13500117044667, 79.3182973066118, -164.03340603606097, 10.603891897918844, 68.2036888020118, -156.1467575971384, 184.76023987556223, -61.57587888991069, -41.31286487066988, -7.2067093470437005, 102.46649464291681, -9.709073772997437, -87.02241460417726, -4.782482743773512]"
Ta,"[187.71403438461203, 100.03807063479876, -1.0248464722245123, 99.21161942883992, -108.81486020698718, -37.83953636120065, 67.9719296789607, -129.3921570007403, 281.4542255851273, -69.44466259407989, -92.47543260832498, -61.860816319385975, 190.54430555074777, 4.4125610329086, -62.58354313409034, 62.77339595239956]"
W,"[-11.290059255465597, 59.19527463597201, -146.24320180854056, 124.03703104905728, 304.8153266883873, 146.3743444831957, -28.772292275582846, -5.606868324822697, 129.52488268579606, 94.71874488251979, 338.2042759814876, -138.58899123960708, -38.40746090108902, 70.51322020142705, 368.51764297642035, -4.161859384140997]"
Re,"[-135.89250961731574, 68.71254811279688, -221.5999065797096, -33.432864069517116, 345.8994968788984, 56.58561060914236, -97.58142057143809, -37.03326640570179, 70.70074240598896, 131.09140292605613, 387.0900226794195, -169.28465113719955, -8.218024489959735, 11.673929231697931, 383.57378362528726, 34.748199363187815]"
Os,"[-166.4515947679984, -45.95400957336327, -127.65440277366741, -339.2819367256037, 10.178844465169592, -58.7924132779081, -186.80069605544898, -120.83238732395384, 21.569581345077825, 69.29301138548357, 236.6564129611794, -202.70748273781285, 144.07553299942214, -79.9007539901382, 96.20770283666859, 21.178173184223482]"
Ir,"[-171.2534320328237, -71.43285660257648, -96.51443149431226, -318.25841107223715, -53.5525971021724, -53.9682313061485, -194.28623781025604, -114.34315963586623, -1.9194157656213295, 61.450328210468534, 189.36989974376894, -178.63295811557046, 127.08915123171299, -52.58322433345648, 49.427751526843224, 12.306991834376905]"
Pt,"[-164.93469304055185, -68.07851449357297, -92.3886150844707, -347.8726299745297, -73.23996230291128, -52.14367979134554, -177.83428288248098, -97.3498260182395, -8.853602189837442, 52.290427329417824, 160.44579851684122, -172.08272879826197, 144.39130068625346, -82.22623614273023, 27.025037047042275, 20.652698151162134]"
Au,"[-238.5901416217752, -58.632144840281455, -128.65533068969188, -406.1374684768923, -52.104599375288885, -74.09684971047669, -197.21247504656557, -68.12919397945295, -62.04204085576167, 71.90691801787472, 157.1653178361468, -168.5332789464536, 141.0214162071561, -106.86962835156402, 41.32134215835305, 48.55633737932121]"
Hg,"[235.82156799640686, -207.50879552589717, 171.67125450588284, -326.51892164126843, 103.98514948273375, 2.692777273830871, -55.23782839228076, 130.63979228975884, -112.61260604595647, -83.53159852559502, 105.3194626621107, -132.4350083471038, 6.88700569352959, -77.84181397406216, -113.15177140605616, -235.87861084550187]"
Tl,"[-170.94066787577114, -109.1237994311999, 164.8932290816982, 188.5165585891936, -109.1369886834062, -101.09471579944932, -166.29755517761262, -5.674808910227172, -127.21353018709036, -12.681517506478343, -18.08954424485806, 56.81026907092042, -180.47134473938948, 311.3335493848856, 31.23560615339084, -68.99867432961936]"
Pb,"[-86.90637061952506, -171.81778843748356, 62.09476158155181, 241.24593603637976, -139.0314363105242, 40.17315234350398, -177.75660188602052, -66.70825395867993, -117.87607784614181, 66.43630906041348, 2.8182525406251937, 53.714831673592904, -205.25420806136265, 302.455574997437, -93.18587132885531, -99.92703341211445]"
Bi,"[168.86802423070003, -67.4598323119583, -204.7422725035964, -105.45007791843847, -88.07545267997881, 225.8745847774676, -73.30543913425453, 272.97385941398505, 57.16710880207191, -7.654946974447859, -235.61188252494506, 184.48524702471073, -173.52107809424882, 5.5778789425266115, 239.449354352321, -53.86221340143072]"
Po,"[29.206113467711333, 176.42495074142107, 80.81489846505525, -184.5250434056915, 175.02215265812413, -146.29194189277263, 185.31459848395284, 331.9720290007812, 40.29833840809696, 338.1664786675487, 293.8874881085346, 228.40673461845935, -304.7484583863351, 49.78727063451135, -121.57229140374007, 70.94511303851948]"
At,"[-115.39479902961841, -303.9924641212056, -71.16698296888497, -76.34700008873786, 382.3353373280972, 80.10635479631779, 379.33713876877556, -71.87272205393658, -347.3208948602119, -82.53306253916571, -9.12951671594211, 204.7981761151221, 38.139300778070485, 34.1689293396906, 63.915155576031964, 206.81116417833505]"
Rn,"[44.78270632847777, 24.34941873397793, -185.4725318873491, 113.67897883917122, 321.53034856839497, 104.59479387541828, -111.41696448756358, 63.79734481729962, -366.69627071420723, -486.61268379445085, 100.55511515176444, -8.965466962695864, -134.33924702582388, -123.35554495324381, -4.490701430315427, 208.07395000539142]"
Fr,"[-488.3848849408432, -49.26982262043098, -275.9380139524429, 244.51980184569226, 37.92889514771945, 17.160920295198366, 156.39569756762972, 143.17486965097655, -62.57186115122367, -29.885089791011158, 33.667109881838044, 207.358598986497, -82.08196521344169, -383.55032550925137, 101.3560389898979, 45.15850447354642]"
Ra,"[-244.0391628004802, -69.70028411191679, -235.812254795613, -100.75451563641853, 383.81517889730986, -201.5581231794414, 172.53769552972142, 123.07190374372453, 161.47452786410918, -152.2355501396895, -91.7216789657025, 24.837156924761782, -412.09110121886715, -35.45176569581771, -172.36047702260888, -127.86224866437809]"
Ac,"[53.882262027687936, -32.148871020088805, 45.6392403740544, 17.50526830435444, -113.44843651497716, 35.863614421350285, -6.119091497071253, -45.63719607549434, 74.19925259897494, -26.716282268118626, -12.391601618761335, -24.178983270967244, 40.186168230077406, 29.162423814843965, -27.805346000081506, -21.672731701219046]"
Th,"[168.74431255597455, 17.400369195601343, 83.54778083009424, 144.92325905353312, -170.58076979075037, 31.67319184189952, 95.92544571032057, -137.99884337605297, 177.51897921980355, -68.16103922044495, -77.6066708885082, 35.056092985134555, 64.52928728572553, 9.921567170957534, -96.57166178116061, -12.429784025720853]"
Pa,"[84.60083533823789, -31.84898708473898, 56.506065665818, 47.988331234142485, -124.20846556158463, 44.324123702270725, 10.20564955545267, -75.72612500967533, 95.70359391795121, -28.931298575157133, -7.50253720626833, -27.14784380819288, 50.2911124249314, 29.73986796886584, -57.43272810040442, -27.019690522941154]"
U,"[183.85500768946267, 34.394178504658115, 90.97633382916013, 166.4041738204327, -167.30402018893867, 31.420385932332742, 122.047877886997, -139.5699361919842, 190.93292083911285, -76.15335075966975, -89.3891820440908, 43.09969754129685, 71.6894004561022, 1.2003061298357127, -101.42091895848532, -4.760806341256749]"
Np,"[123.69195911954884, -19.47717790563459, 67.93959156083348, 76.46391093025915, -140.50551212987918, 38.99088403338421, 36.32677625107888, -97.65644456825105, 125.35726359224478, -45.150867361428965, -29.518454437719964, -4.574305356418388, 54.29777629827766, 22.08289045284558, -69.71512157407402, -27.754533535312518]"
Pu,"[110.14324947572487, -22.93283884180087, 67.32267353865947, 70.76813945992555, -136.81501651048842, 39.23695406887445, 27.52976923030801, -88.95508566317989, 114.37266032693236, -40.9426542171406, -23.542890108730813, -10.067783400159088, 52.545475720686504, 26.948142039243912, -64.71147705174559, -26.641024414058585]"
Am,"[73.3573076921472, -34.18663213058415, 45.369743825742944, 29.638881879860786, -121.2942156771256, 46.30176529439053, 1.1001408028431054, -62.86176222924163, 86.8158768038371, -24.938882467064314, -8.715195918422339, -26.881129161042757, 46.852139647668494, 26.175684081077495, -46.264982550054505, -24.842256862898676]"
Cm,"[75.7734881142675, -34.52847130103338, 45.5033702693753, 31.52704307890064, -120.78169255391471, 47.710241589893286, 1.6083517773121716, -61.69675913572932, 87.67318327729996, -25.31809277087165, -9.711370915924471, -25.91283744513436, 45.272536337064786, 27.251480504379277, -45.51701205255386, -25.94732603473301]"
Bk,"[57.74278223499039, -34.280819591183, 42.72115830097185, 13.684213942509002, -112.65543802385861, 38.62965741034047, -8.16510580760386, -53.256982561776, 77.67325590108013, -23.66337245811482, -1.935352184448438, -31.60773323961262, 47.59708884905886, 24.37342907412579, -31.913994973371928, -22.43642931794325]"
Cf,"[43.110571289119676, -31.709775965079384, 51.04161537434945, 14.155267503396587, -108.76438358350873, 26.414602105744752, -10.491164472780644, -44.13702576489734, 67.95990828078632, -27.64173604623657, -6.001081568802281, -27.3805431975065, 41.48653677712932, 30.941238200058113, -22.02619404311005, -20.5205437982612]"
Es,"[-55.77992595642155, -60.761682071535716, -218.92916576644402, 32.901532452371995, 29.670778893549315, -233.87222544751026, 473.96742272000665, 159.23043877502923, -290.7484599109294, 195.84753142319136, 124.06573348826979, 2.2324968974524984, -162.98058065075355, -118.43079862147894, 163.59790245441218, -268.11197559187497]"
Fm,"[-47.607272471377996, 236.01906864057477, -173.06115813149336, -151.87461817362274, 90.27816271937691, -88.35406303788865, 323.32140455811566, 25.023066708276247, -183.15265986203627, -47.7112963526046, -29.94062451042336, -183.6692759951129, -471.94621372111743, 85.58980670949943, 99.57357425139357, 310.56506591263616]"
Md,"[-224.65929131068296, 273.9578358284684, -125.18071550225216, 24.51425470149438, 17.78680980743443, 74.90473571634702, 159.32916736371496, 49.32061269762934, -270.7802238917665, 366.05558328156985, -12.23007570310896, 273.82213588817007, 50.89950862302604, 21.660463949378805, 100.05269374112989, 408.56399545681177]"
No,"[-156.10074927187358, -0.500380926955381, -342.38470656900074, 59.099477436064795, 434.31196494288355, -68.03533076215813, 68.55619013756728, -76.23176207992407, -250.21953551369347, -169.74289696253226, -374.9399012199267, -56.89441808605193, 93.01339197472765, 66.94372026659592, 82.25709384571809, -186.4159482709581]"
Lr,"[67.45377174886276, 151.19993407575836, -337.91090124475903, 94.0767329001352, 252.12210215238366, -290.67530028561686, 54.14747169614614, 328.40654584300427, -162.5268858629405, 260.7075166622322, -95.67221814865563, -14.046711845858606, 248.99892299139572, 252.7343758179759, -4.3730074105428525, 0.5699864350082158]"
