val_Total_Loss,epoch,step,val_RMSE,val_MAE,train_Total_Loss,train_RMSE,train_MAE,test_Total_Loss,test_MAE,test_RMSE
0.09577739238739014,0,432,0.30278322100639343,0.20986954867839813,,,,,,
,0,432,,,0.21878774464130402,0.419872522354126,0.3119805157184601,,,
0.07327102869749069,1,865,0.2603193521499634,0.17675837874412537,,,,,,
,1,865,,,0.07572291046380997,0.27118629217147827,0.18808141350746155,,,
0.0691840872168541,2,1298,0.25240087509155273,0.17215390503406525,,,,,,
,2,1298,,,0.061908140778541565,0.24402812123298645,0.1662864238023758,,,
0.06031360849738121,3,1731,0.23387034237384796,0.15155421197414398,,,,,,
,3,1731,,,0.053771987557411194,0.22742170095443726,0.15304121375083923,,,
0.0596294142305851,4,2164,0.2326696515083313,0.1535620242357254,,,,,,
,4,2164,,,0.047005753964185715,0.2119562178850174,0.14266736805438995,,,
0.05109024792909622,5,2597,0.21373653411865234,0.14573316276073456,,,,,,
,5,2597,,,0.04132813960313797,0.1988651007413864,0.13406917452812195,,,
0.04685160890221596,6,3030,0.20337502658367157,0.13216757774353027,,,,,,
,6,3030,,,0.03813881799578667,0.1910266876220703,0.12916037440299988,,,
0.04199063032865524,7,3463,0.1915203034877777,0.1202138215303421,,,,,,
,7,3463,,,0.035369984805583954,0.1838420182466507,0.12524884939193726,,,
0.03975614905357361,8,3896,0.18525803089141846,0.12002245336771011,,,,,,
,8,3896,,,0.033225659281015396,0.17752015590667725,0.11903569102287292,,,
0.04518265277147293,9,4329,0.20404168963432312,0.14129270613193512,,,,,,
,9,4329,,,0.03248310461640358,0.1753818392753601,0.11930178105831146,,,
0.037892602384090424,10,4762,0.18364106118679047,0.12328237295150757,,,,,,
,10,4762,,,0.028874017298221588,0.16529537737369537,0.11105238646268845,,,
0.037121959030628204,11,5195,0.18032480776309967,0.11955466121435165,,,,,,
,11,5195,,,0.026858540251851082,0.15942852199077606,0.10707882046699524,,,
0.038090743124485016,12,5628,0.18323051929473877,0.12759831547737122,,,,,,
,12,5628,,,0.025958510115742683,0.15666355192661285,0.10593993216753006,,,
0.03115941770374775,13,6061,0.16404932737350464,0.09900101274251938,,,,,,
,13,6061,,,0.023812275379896164,0.14967107772827148,0.09945513308048248,,,
0.03724055364727974,14,6494,0.18591216206550598,0.12213795632123947,,,,,,
,14,6494,,,0.022530410438776016,0.14632385969161987,0.0987766906619072,,,
0.04352234676480293,15,6927,0.19793519377708435,0.13149024546146393,,,,,,
,15,6927,,,0.02329079806804657,0.14832782745361328,0.10025414079427719,,,
0.026308121159672737,16,7360,0.15456844866275787,0.09718839824199677,,,,,,
,16,7360,,,0.021806485950946808,0.1442435085773468,0.0971774309873581,,,
0.025579920038580894,17,7793,0.14742793142795563,0.08702045679092407,,,,,,
,17,7793,,,0.021225273609161377,0.1411474645137787,0.09550999850034714,,,
0.024503497406840324,18,8226,0.1511533111333847,0.0959765687584877,,,,,,
,18,8226,,,0.019724782556295395,0.13715051114559174,0.09221541881561279,,,
0.030099712312221527,19,8659,0.16016866266727448,0.10015936940908432,,,,,,
,19,8659,,,0.018693119287490845,0.13385561108589172,0.09110923856496811,,,
0.03409743309020996,20,9092,0.16847798228263855,0.10646018385887146,,,,,,
,20,9092,,,0.01979687809944153,0.13689513504505157,0.09284397959709167,,,
0.02487415075302124,21,9525,0.15084578096866608,0.09246037900447845,,,,,,
,21,9525,,,0.017995519563555717,0.1303848922252655,0.08862266689538956,,,
0.020404702052474022,22,9958,0.138322651386261,0.08444720506668091,,,,,,
,22,9958,,,0.016145342960953712,0.12436442822217941,0.08391454070806503,,,
0.02600654400885105,23,10391,0.1556108295917511,0.09715556353330612,,,,,,
,23,10391,,,0.015796851366758347,0.12267976999282837,0.08358579874038696,,,
0.02068592980504036,24,10824,0.13978038728237152,0.09008082002401352,,,,,,
,24,10824,,,0.019807709380984306,0.13638471066951752,0.09175155311822891,,,
0.02047581598162651,25,11257,0.13900409638881683,0.08760330080986023,,,,,,
,25,11257,,,0.014561453834176064,0.11848928779363632,0.08018603920936584,,,
0.0220330860465765,26,11690,0.14498941600322723,0.09244915843009949,,,,,,
,26,11690,,,0.014332905411720276,0.1175936833024025,0.07913058251142502,,,
0.020235316827893257,27,12123,0.13845613598823547,0.08624248206615448,,,,,,
,27,12123,,,0.016654087230563164,0.12674997746944427,0.08567647635936737,,,
0.020753761753439903,28,12556,0.13966797292232513,0.0886383056640625,,,,,,
,28,12556,,,0.014443092048168182,0.11779051274061203,0.08027497678995132,,,
0.016666412353515625,29,12989,0.1252603828907013,0.07710082828998566,,,,,,
,29,12989,,,0.013242200016975403,0.11276869475841522,0.0759916603565216,,,
0.018917299807071686,30,13422,0.1331263929605484,0.08187686651945114,,,,,,
,30,13422,,,0.011877237819135189,0.10712679475545883,0.07235091924667358,,,
0.016625499352812767,31,13855,0.12541519105434418,0.0774652361869812,,,,,,
,31,13855,,,0.012934930622577667,0.11165130138397217,0.07521819323301315,,,
0.033243577927351,32,14288,0.16566018760204315,0.102436862885952,,,,,,
,32,14288,,,0.015009635128080845,0.11884332448244095,0.08134014159440994,,,
0.029467333108186722,33,14721,0.15453168749809265,0.09342917799949646,,,,,,
,33,14721,,,0.01625848561525345,0.12290561199188232,0.08292718976736069,,,
0.02003185637295246,34,15154,0.13220280408859253,0.07773137837648392,,,,,,
,34,15154,,,0.014279929921030998,0.11593279987573624,0.07756277918815613,,,
0.023125072941184044,35,15587,0.14706800878047943,0.08889966458082199,,,,,,
,35,15587,,,0.01443793810904026,0.11536107212305069,0.07743871212005615,,,
0.021559525281190872,36,16020,0.1378462165594101,0.08856800943613052,,,,,,
,36,16020,,,0.01258406974375248,0.11035740375518799,0.07460897415876389,,,
0.023542018607258797,37,16453,0.14445601403713226,0.08864878863096237,,,,,,
,37,16453,,,0.013458646833896637,0.11266906559467316,0.07609056681394577,,,
0.020636476576328278,38,16886,0.140263631939888,0.09328698366880417,,,,,,
,38,16886,,,0.012297390028834343,0.10855980962514877,0.07299993932247162,,,
0.016002949327230453,39,17319,0.12216785550117493,0.07467488944530487,,,,,,
,39,17319,,,0.011278118938207626,0.10353820025920868,0.06982037425041199,,,
0.016575729474425316,40,17752,0.12610749900341034,0.07968442142009735,,,,,,
,40,17752,,,0.01061154343187809,0.10115212202072144,0.06841707974672318,,,
0.01342514157295227,41,18185,0.1136101707816124,0.07041385769844055,,,,,,
,41,18185,,,0.009915787726640701,0.09778471291065216,0.06596194952726364,,,
0.017348382622003555,42,18618,0.12942668795585632,0.08078859746456146,,,,,,
,42,18618,,,0.009660224430263042,0.09648990631103516,0.06549104303121567,,,
0.021826740354299545,43,19051,0.13597705960273743,0.08012115210294724,,,,,,
,43,19051,,,0.010541143827140331,0.1007193997502327,0.0679895356297493,,,
0.014117886312305927,44,19484,0.11680549383163452,0.0730276107788086,,,,,,
,44,19484,,,0.009637795388698578,0.09645643085241318,0.06526779383420944,,,
0.013760303147137165,45,19917,0.11482033878564835,0.07079127430915833,,,,,,
,45,19917,,,0.009171871468424797,0.09435117989778519,0.06403155624866486,,,
0.013813568279147148,46,20350,0.11507085710763931,0.07280836999416351,,,,,,
,46,20350,,,0.00967289786785841,0.09664931893348694,0.0662107840180397,,,
0.01608228124678135,47,20783,0.1238069087266922,0.07669724524021149,,,,,,
,47,20783,,,0.011023346334695816,0.10186664760112762,0.06775005161762238,,,
0.013240596279501915,48,21216,0.11238278448581696,0.06735438108444214,,,,,,
,48,21216,,,0.00936192274093628,0.09430906921625137,0.06338147073984146,,,
0.01576473005115986,49,21649,0.122270867228508,0.07564251869916916,,,,,,
,49,21649,,,0.008318350650370121,0.08977293968200684,0.061015497893095016,,,
0.013013765215873718,50,22082,0.11185026913881302,0.0666486918926239,,,,,,
,50,22082,,,0.008971349336206913,0.09312333166599274,0.06337377429008484,,,
0.012646470218896866,51,22515,0.10930424183607101,0.06507819890975952,,,,,,
,51,22515,,,0.007794466335326433,0.08709661662578583,0.058894507586956024,,,
0.015404226258397102,52,22948,0.11979830265045166,0.0732789859175682,,,,,,
,52,22948,,,0.008030816912651062,0.08816458284854889,0.06006072089076042,,,
0.012464392930269241,53,23381,0.10910455137491226,0.06466483324766159,,,,,,
,53,23381,,,0.008421865291893482,0.09039606153964996,0.06182865425944328,,,
0.012787983752787113,54,23814,0.10993833094835281,0.06597192585468292,,,,,,
,54,23814,,,0.00740364333614707,0.0847008004784584,0.05754956975579262,,,
0.013152535073459148,55,24247,0.11076037585735321,0.06385863572359085,,,,,,
,55,24247,,,0.007846958003938198,0.08633124083280563,0.05845673754811287,,,
0.014372097328305244,56,24680,0.11554627120494843,0.06915232539176941,,,,,,
,56,24680,,,0.007504700217396021,0.08545485138893127,0.05786914750933647,,,
0.01348177157342434,57,25113,0.11336661875247955,0.06790505349636078,,,,,,
,57,25113,,,0.009242704138159752,0.09397699683904648,0.06414724141359329,,,
0.019459590315818787,58,25546,0.13741564750671387,0.08474694937467575,,,,,,
,58,25546,,,0.013460932299494743,0.11065824329853058,0.07290579378604889,,,
0.019652007147669792,59,25979,0.1255786418914795,0.07063855975866318,,,,,,
,59,25979,,,0.013717140071094036,0.11218047887086868,0.0734299048781395,,,
0.014620564877986908,60,26412,0.11851546168327332,0.07291878759860992,,,,,,
,60,26412,,,0.010279669426381588,0.09899713844060898,0.06528372317552567,,,
0.011796584352850914,61,26845,0.10552842915058136,0.06270187348127365,,,,,,
,61,26845,,,0.008599037304520607,0.0908958837389946,0.0610249862074852,,,
0.011610145680606365,62,27278,0.1055116131901741,0.061459608376026154,,,,,,
,62,27278,,,0.00734147522598505,0.08431397378444672,0.05684749782085419,,,
0.0124940425157547,63,27711,0.1089324876666069,0.06306233257055283,,,,,,
,63,27711,,,0.006876757834106684,0.08172553777694702,0.05509815365076065,,,
0.011731427162885666,64,28144,0.105413056910038,0.06286338716745377,,,,,,
,64,28144,,,0.0064437128603458405,0.07893941551446915,0.05321187898516655,,,
0.012686257250607014,65,28577,0.10980930179357529,0.06572339683771133,,,,,,
,65,28577,,,0.0069961692206561565,0.08201133459806442,0.055443163961172104,,,
0.013307972811162472,66,29010,0.11309314519166946,0.07184045016765594,,,,,,
,66,29010,,,0.006974533665925264,0.08228207379579544,0.05580524355173111,,,
0.011812014505267143,67,29443,0.10640585422515869,0.0643937885761261,,,,,,
,67,29443,,,0.006813752930611372,0.08134149014949799,0.055432092398405075,,,
0.013695458881556988,68,29876,0.11449197679758072,0.07231888175010681,,,,,,
,68,29876,,,0.006678370758891106,0.08039052039384842,0.05486592650413513,,,
0.01120732817798853,69,30309,0.10335049033164978,0.0609159953892231,,,,,,
,69,30309,,,0.006606708280742168,0.07999976724386215,0.05475345999002457,,,
0.012466245330870152,70,30742,0.10880643129348755,0.06928180903196335,,,,,,
,70,30742,,,0.008341285400092602,0.08907044678926468,0.06015976145863533,,,
0.01070947665721178,71,31175,0.10078956186771393,0.05853386968374252,,,,,,
,71,31175,,,0.006114008370786905,0.07695325464010239,0.05196813493967056,,,
0.01192539930343628,72,31608,0.1068519800901413,0.06283707916736603,,,,,,
,72,31608,,,0.0057755121961236,0.07480473816394806,0.050952933728694916,,,
0.013256639242172241,73,32041,0.11303161829710007,0.06770384311676025,,,,,,
,73,32041,,,0.007191809825599194,0.08329314738512039,0.056551750749349594,,,
0.01634705439209938,74,32474,0.12549099326133728,0.08249076455831528,,,,,,
,74,32474,,,0.006920664105564356,0.08167709410190582,0.054995227605104446,,,
0.014308549463748932,75,32907,0.11679324507713318,0.06899936497211456,,,,,,
,75,32907,,,0.006200251169502735,0.07746884226799011,0.05242503806948662,,,
0.015620936639606953,76,33340,0.1182810515165329,0.06548511236906052,,,,,,
,76,33340,,,0.006917318794876337,0.08173179626464844,0.054880719631910324,,,
0.011663120239973068,77,33773,0.10556986182928085,0.061257071793079376,,,,,,
,77,33773,,,0.008069191128015518,0.08729393780231476,0.05883015692234039,,,
0.011711238883435726,78,34206,0.10567168146371841,0.06371933966875076,,,,,,
,78,34206,,,0.006051052827388048,0.07645215094089508,0.05210600420832634,,,
0.013222198002040386,79,34639,0.11095127463340759,0.06405085325241089,,,,,,
,79,34639,,,0.007108535151928663,0.0819840282201767,0.054489102214574814,,,
0.01366718765348196,80,35072,0.11430423706769943,0.06574103981256485,,,,,,
,80,35072,,,0.007306783460080624,0.08306175470352173,0.055267926305532455,,,
0.012722261250019073,81,35505,0.11016152054071426,0.06591755896806717,,,,,,
,81,35505,,,0.006711132358759642,0.07999340444803238,0.05338839069008827,,,
0.013499689288437366,82,35938,0.11382710933685303,0.06910210102796555,,,,,,
,82,35938,,,0.006379684899002314,0.07856109738349915,0.05291048064827919,,,
0.013160164467990398,83,36371,0.11157433688640594,0.0626705139875412,,,,,,
,83,36371,,,0.0067871795035898685,0.08104386925697327,0.05483093112707138,,,
0.013514482416212559,84,36804,0.11351822316646576,0.06916536390781403,,,,,,
,84,36804,,,0.005641335621476173,0.0739283338189125,0.05028346925973892,,,
0.010784568265080452,85,37237,0.10086244344711304,0.05782432109117508,,,,,,
,85,37237,,,0.005157829727977514,0.07080867141485214,0.04862742871046066,,,
0.013112533837556839,86,37670,0.111164890229702,0.06278327852487564,,,,,,
,86,37670,,,0.0068170009180903435,0.07986070215702057,0.05387403443455696,,,
0.01167223509401083,87,38103,0.10513489693403244,0.06066182628273964,,,,,,
,87,38103,,,0.006852999795228243,0.08035163581371307,0.0536438524723053,,,
0.012805789709091187,88,38536,0.11056094616651535,0.06478714942932129,,,,,,
,88,38536,,,0.006298965308815241,0.07787588983774185,0.052861232310533524,,,
0.01148196216672659,89,38969,0.1036062017083168,0.05666356533765793,,,,,,
,89,38969,,,0.005044008605182171,0.06994833052158356,0.04813908413052559,,,
0.011013380251824856,90,39402,0.10220634192228317,0.05798911303281784,,,,,,
,90,39402,,,0.004811587743461132,0.06812836229801178,0.046275682747364044,,,
0.011189526878297329,91,39835,0.10238539427518845,0.05888471379876137,,,,,,
,91,39835,,,0.004542430397123098,0.06624109297990799,0.04552485793828964,,,
0.011784565635025501,92,40268,0.10525229573249817,0.05941300839185715,,,,,,
,92,40268,,,0.00479278527200222,0.06798972934484482,0.04647667333483696,,,
0.010941129177808762,93,40701,0.10104339569807053,0.05806491896510124,,,,,,
,93,40701,,,0.004368700552731752,0.0651148334145546,0.04471161589026451,,,
0.015642749145627022,94,41134,0.12228729575872421,0.07831229269504547,,,,,,
,94,41134,,,0.004235736560076475,0.0641079694032669,0.04410293325781822,,,
0.01217588223516941,95,41567,0.10740363597869873,0.06301199644804001,,,,,,
,95,41567,,,0.005346603691577911,0.07161185890436172,0.0497465543448925,,,
0.010410000570118427,96,42000,0.0989718809723854,0.054089296609163284,,,,,,
,96,42000,,,0.004704535007476807,0.06751962006092072,0.0467412993311882,,,
0.010432397946715355,97,42433,0.09920182079076767,0.057232074439525604,,,,,,
,97,42433,,,0.0045308806002140045,0.0659002736210823,0.04527706652879715,,,
0.01556503027677536,98,42866,0.12248022854328156,0.07318833470344543,,,,,,
,98,42866,,,0.00516932550817728,0.07001934200525284,0.04762465879321098,,,
0.010577209293842316,99,43299,0.100125752389431,0.05729250609874725,,,,,,
,99,43299,,,0.005344977602362633,0.07195179909467697,0.04887517914175987,,,
0.011104115284979343,100,43732,0.10255881398916245,0.058875054121017456,,,,,,
,100,43732,,,0.00456100981682539,0.06649097800254822,0.045528512448072433,,,
0.01076621375977993,101,44165,0.10027135163545609,0.05512362718582153,,,,,,
,101,44165,,,0.0049790008924901485,0.06926822662353516,0.047489967197179794,,,
0.01185703743249178,102,44598,0.10535357147455215,0.05978330224752426,,,,,,
,102,44598,,,0.0056766327470541,0.07270469516515732,0.04878973960876465,,,
0.01008759904652834,103,45031,0.09722833335399628,0.05391264706850052,,,,,,
,103,45031,,,0.004954543896019459,0.06891705095767975,0.04689965769648552,,,
0.01068923156708479,104,45464,0.09994501620531082,0.0552687831223011,,,,,,
,104,45464,,,0.004458889365196228,0.06558689475059509,0.04487346112728119,,,
0.010029460303485394,105,45897,0.09635838121175766,0.05357896536588669,,,,,,
,105,45897,,,0.0035837097093462944,0.05913359671831131,0.04129425063729286,,,
0.01230577938258648,106,46330,0.10691627115011215,0.05901111289858818,,,,,,
,106,46330,,,0.0032844808883965015,0.05647886544466019,0.039373233914375305,,,
0.010499038733541965,107,46763,0.09965778887271881,0.055769797414541245,,,,,,
,107,46763,,,0.003912364598363638,0.06145346164703369,0.0424593910574913,,,
0.015674706548452377,108,47196,0.12275686115026474,0.07478513568639755,,,,,,
,108,47196,,,0.004089991096407175,0.06277891993522644,0.04346268251538277,,,
0.016067305579781532,109,47629,0.12454719841480255,0.08270111680030823,,,,,,
,109,47629,,,0.007801199331879616,0.08528081327676773,0.05720929056406021,,,
0.011233382858335972,110,48062,0.1027580127120018,0.05994914472103119,,,,,,
,110,48062,,,0.006825613789260387,0.08011585474014282,0.05364382639527321,,,
0.010394793935120106,111,48495,0.09925921261310577,0.056924719363451004,,,,,,
,111,48495,,,0.004558485932648182,0.06618491560220718,0.044443678110837936,,,
0.010543235577642918,112,48928,0.09936098754405975,0.05618814378976822,,,,,,
,112,48928,,,0.004627341404557228,0.06594257801771164,0.04435749351978302,,,
0.009594934061169624,113,49361,0.09455619752407074,0.051537271589040756,,,,,,
,113,49361,,,0.00408680085092783,0.06278848648071289,0.042837321758270264,,,
0.009884828701615334,114,49794,0.09581216424703598,0.05376039817929268,,,,,,
,114,49794,,,0.0032109138555824757,0.05598371475934982,0.03904923051595688,,,
0.009905673563480377,115,50227,0.09593633562326431,0.05478746071457863,,,,,,
,115,50227,,,0.0030882633291184902,0.0548117533326149,0.03849216550588608,,,
0.013087269850075245,116,50660,0.11021454632282257,0.061705395579338074,,,,,,
,116,50660,,,0.004604715388268232,0.06625876575708389,0.04530762881040573,,,
0.009450770914554596,117,51093,0.09422667324542999,0.05331795662641525,,,,,,
,117,51093,,,0.003929643426090479,0.061784446239471436,0.04300818592309952,,,
0.012721129693090916,118,51526,0.10965824127197266,0.06262201070785522,,,,,,
,118,51526,,,0.0035093859769403934,0.058299873024225235,0.040276896208524704,,,
0.010372796095907688,119,51959,0.09872563928365707,0.056835055351257324,,,,,,
,119,51959,,,0.003768102265894413,0.06052397936582565,0.04192299395799637,,,
0.01046060211956501,120,52392,0.09960595518350601,0.05818711221218109,,,,,,
,120,52392,,,0.004206526093184948,0.06347094476222992,0.04328469559550285,,,
0.010588090866804123,121,52825,0.0994250625371933,0.05598798021674156,,,,,,
,121,52825,,,0.004521694965660572,0.06486529856920242,0.044235650449991226,,,
0.009571675211191177,122,53258,0.09448407590389252,0.051947321742773056,,,,,,
,122,53258,,,0.0033053935039788485,0.056488409638404846,0.039174359291791916,,,
0.009501789696514606,123,53691,0.09473337978124619,0.052793122828006744,,,,,,
,123,53691,,,0.0029302826151251793,0.05347404628992081,0.037434112280607224,,,
0.01002422720193863,124,54124,0.09679465740919113,0.052963629364967346,,,,,,
,124,54124,,,0.002968225860968232,0.05352869629859924,0.03735131770372391,,,
0.0122772715985775,125,54557,0.10839638859033585,0.07001236081123352,,,,,,
,125,54557,,,0.003932609688490629,0.06141383573412895,0.0421341247856617,,,
0.013379471376538277,126,54990,0.11269999295473099,0.06429177522659302,,,,,,
,126,54990,,,0.004554233513772488,0.0658155307173729,0.04458203539252281,,,
0.010190153494477272,127,55423,0.09796647727489471,0.055451564490795135,,,,,,
,127,55423,,,0.0050193616189062595,0.06918614357709885,0.04632643982768059,,,
0.010140523314476013,128,55856,0.09723099321126938,0.05152053385972977,,,,,,
,128,55856,,,0.0034924778155982494,0.05813632905483246,0.039910148829221725,,,
0.009677627123892307,129,56289,0.09486137330532074,0.050907786935567856,,,,,,
,129,56289,,,0.003287149127572775,0.05606292188167572,0.03858540579676628,,,
0.011415443383157253,130,56722,0.10347645729780197,0.06391128152608871,,,,,,
,130,56722,,,0.0038131512701511383,0.059800684452056885,0.04135758429765701,,,
0.009720372036099434,131,57155,0.09445621818304062,0.05060521513223648,,,,,,
,131,57155,,,0.003023149911314249,0.054040368646383286,0.037280719727277756,,,
0.010024608112871647,132,57588,0.09667592495679855,0.05144057422876358,,,,,,
,132,57588,,,0.002831324702128768,0.052534304559230804,0.03652084246277809,,,
0.009601347148418427,133,58021,0.0945378839969635,0.0514717772603035,,,,,,
,133,58021,,,0.002853045705705881,0.05267408862709999,0.03700846806168556,,,
0.009335161186754704,134,58454,0.09268859773874283,0.05006178468465805,,,,,,
,134,58454,,,0.002852960489690304,0.05261889100074768,0.03673975542187691,,,
0.012931940145790577,135,58887,0.11103277653455734,0.06751921772956848,,,,,,
,135,58887,,,0.004031964112073183,0.06148219853639603,0.042053282260894775,,,
0.01022301148623228,136,59320,0.09736353904008865,0.05196511745452881,,,,,,
,136,59320,,,0.004175578709691763,0.06318055838346481,0.04313955456018448,,,
0.009076794609427452,137,59753,0.09189703315496445,0.05047743022441864,,,,,,
,137,59753,,,0.0030160110909491777,0.0539795383810997,0.03734110668301582,,,
0.009636403992772102,138,60186,0.09446808695793152,0.051153697073459625,,,,,,
,138,60186,,,0.003133464604616165,0.05507080256938934,0.03808892145752907,,,
0.010065121576189995,139,60619,0.09635210037231445,0.05257574841380119,,,,,,
,139,60619,,,0.0028103431686758995,0.05224272608757019,0.036407239735126495,,,
0.010627690702676773,140,61052,0.09950114786624908,0.05568439140915871,,,,,,
,140,61052,,,0.004307860042899847,0.06372905522584915,0.04370637983083725,,,
0.008903377689421177,141,61485,0.09053360670804977,0.04919010400772095,,,,,,
,141,61485,,,0.0029907701537013054,0.05374159663915634,0.036972302943468094,,,
0.009121604263782501,142,61918,0.0923212468624115,0.04968620836734772,,,,,,
,142,61918,,,0.002577971899881959,0.0499303825199604,0.0348406545817852,,,
0.010157791897654533,143,62351,0.09701043367385864,0.05281143635511398,,,,,,
,143,62351,,,0.0023932219482958317,0.04830343276262283,0.03373504430055618,,,
0.010435140691697598,144,62784,0.09907439351081848,0.055646564811468124,,,,,,
,144,62784,,,0.00340326433070004,0.05686366930603981,0.03925468400120735,,,
0.010580460540950298,145,63217,0.09973777830600739,0.05669480934739113,,,,,,
,145,63217,,,0.002741349395364523,0.051386166363954544,0.035781003534793854,,,
0.01082143746316433,146,63650,0.10016043484210968,0.05543516203761101,,,,,,
,146,63650,,,0.0030260137282311916,0.05393457040190697,0.037621162831783295,,,
0.009167911484837532,147,64083,0.09215401113033295,0.049511462450027466,,,,,,
,147,64083,,,0.0028069166000932455,0.05200193449854851,0.03622104227542877,,,
0.011553939431905746,148,64516,0.10403694212436676,0.057613834738731384,,,,,,
,148,64516,,,0.0029563619755208492,0.05245671421289444,0.0364060215651989,,,
0.010434590280056,149,64949,0.09822114557027817,0.0528804175555706,,,,,,
,149,64949,,,0.004144109319895506,0.06296337395906448,0.042444176971912384,,,
0.010373902507126331,150,65382,0.09871382266283035,0.055665407329797745,,,,,,
,150,65382,,,0.003605462145060301,0.0585942380130291,0.03944997861981392,,,
0.010399549268186092,151,65815,0.09808186441659927,0.053253673017024994,,,,,,
,151,65815,,,0.00307199964299798,0.05442477762699127,0.03693779185414314,,,
0.009888889268040657,152,66248,0.09505347907543182,0.05102168023586273,,,,,,
,152,66248,,,0.002496199682354927,0.04911656305193901,0.03382081910967827,,,
0.00985006894916296,153,66681,0.09487327188253403,0.049502111971378326,,,,,,
,153,66681,,,0.0023034815676510334,0.04720550402998924,0.033061541616916656,,,
0.009269590489566326,154,67114,0.09237732738256454,0.04891763627529144,,,,,,
,154,67114,,,0.002189274411648512,0.04619297757744789,0.03267890214920044,,,
0.009633351117372513,155,67547,0.09454432874917984,0.0494009405374527,,,,,,
,155,67547,,,0.0020731089171022177,0.04500572383403778,0.031724970787763596,,,
0.00890795886516571,156,67980,0.09031005948781967,0.048081763088703156,,,,,,
,156,67980,,,0.002263688715174794,0.046769700944423676,0.03293696418404579,,,
0.009150498546659946,157,68413,0.09221304953098297,0.04980676993727684,,,,,,
,157,68413,,,0.002542862668633461,0.04918672516942024,0.03435910865664482,,,
0.00896341074258089,158,68846,0.09077351540327072,0.05011094734072685,,,,,,
,158,68846,,,0.0028397119604051113,0.052212707698345184,0.036096084862947464,,,
0.013061217032372952,159,69279,0.11140093952417374,0.06492621451616287,,,,,,
,159,69279,,,0.003380413167178631,0.05569417402148247,0.03813493624329567,,,
0.0100692855194211,160,69712,0.0961119681596756,0.05219049006700516,,,,,,
,160,69712,,,0.0035076159983873367,0.057728420943021774,0.03957761824131012,,,
0.009909621439874172,161,70145,0.09520033001899719,0.04951186850667,,,,,,
,161,70145,,,0.0021424959413707256,0.045525792986154556,0.03172186389565468,,,
0.008533858694136143,162,70578,0.08846297115087509,0.04701577499508858,,,,,,
,162,70578,,,0.00207837438210845,0.044638749212026596,0.031217996031045914,,,
0.008917804807424545,163,71011,0.0903664156794548,0.04711587354540825,,,,,,
,163,71011,,,0.0019398380536586046,0.04305283725261688,0.03018495813012123,,,
0.010494841262698174,164,71444,0.09871106594800949,0.05385914072394371,,,,,,
,164,71444,,,0.0023253171239048243,0.04701667279005051,0.03268884867429733,,,
0.008890948258340359,165,71877,0.09035257995128632,0.047626614570617676,,,,,,
,165,71877,,,0.001798151177354157,0.041780147701501846,0.029541805386543274,,,
0.00926965195685625,166,72310,0.09245634078979492,0.04938218742609024,,,,,,
,166,72310,,,0.001765864435583353,0.041505832225084305,0.029597807675600052,,,
0.008975263684988022,167,72743,0.0906924307346344,0.04799269512295723,,,,,,
,167,72743,,,0.0023605304304510355,0.04750259220600128,0.03322595730423927,,,
0.009384682402014732,168,73176,0.09298057854175568,0.05001924932003021,,,,,,
,168,73176,,,0.002043553628027439,0.044234976172447205,0.031088827177882195,,,
0.01025921106338501,169,73609,0.09680968523025513,0.049733005464076996,,,,,,
,169,73609,,,0.0022958095651119947,0.04704967141151428,0.03290032222867012,,,
0.010530944913625717,170,74042,0.09880509227514267,0.05494077503681183,,,,,,
,170,74042,,,0.0037208842113614082,0.056973617523908615,0.039589520543813705,,,
0.009033958427608013,171,74475,0.09141021966934204,0.05013657361268997,,,,,,
,171,74475,,,0.0035941556561738253,0.058858681470155716,0.040407225489616394,,,
0.00914408452808857,172,74908,0.09194552898406982,0.049366772174835205,,,,,,
,172,74908,,,0.0021774747874587774,0.045931026339530945,0.031903285533189774,,,
0.008931330405175686,173,75341,0.09048011898994446,0.04663500562310219,,,,,,
,173,75341,,,0.0017673906404525042,0.04152125492691994,0.02937001734972,,,
0.009450661018490791,174,75774,0.09368651360273361,0.0507274754345417,,,,,,
,174,75774,,,0.0016021858900785446,0.03928971290588379,0.027784625068306923,,,
0.008775093592703342,175,76207,0.09008604288101196,0.04653201624751091,,,,,,
,175,76207,,,0.0024691245052963495,0.0484764538705349,0.03404318541288376,,,
0.009112335741519928,176,76640,0.09102693945169449,0.04646330326795578,,,,,,
,176,76640,,,0.002154773334041238,0.0451812744140625,0.0312906876206398,,,
0.008763334713876247,177,77073,0.08985435962677002,0.04718044400215149,,,,,,
,177,77073,,,0.002155676018446684,0.04534159228205681,0.03200981765985489,,,
0.010603360831737518,178,77506,0.09974323958158493,0.054853033274412155,,,,,,
,178,77506,,,0.002722269156947732,0.05090859904885292,0.034365829080343246,,,
0.009138285182416439,179,77939,0.09130740165710449,0.047262515872716904,,,,,,
,179,77939,,,0.0018708126153796911,0.04228390008211136,0.029795749112963676,,,
0.008765175007283688,180,78372,0.08991357684135437,0.04622703790664673,,,,,,
,180,78372,,,0.001495157484896481,0.038042932748794556,0.027090322226285934,,,
0.009021214209496975,181,78805,0.09020867198705673,0.046955227851867676,,,,,,
,181,78805,,,0.0015539609594270587,0.03892328217625618,0.02791587822139263,,,
0.009094133041799068,182,79238,0.0914660319685936,0.04823881387710571,,,,,,
,182,79238,,,0.0017851025331765413,0.041330862790346146,0.029065707698464394,,,
0.008812596090137959,183,79671,0.08984312415122986,0.045475754886865616,,,,,,
,183,79671,,,0.0018126171780750155,0.04203486442565918,0.029994366690516472,,,
0.008623114787042141,184,80104,0.08890894055366516,0.045493289828300476,,,,,,
,184,80104,,,0.0016358043067157269,0.03993434086441994,0.028439834713935852,,,
0.009516351856291294,185,80537,0.09357936680316925,0.0492732897400856,,,,,,
,185,80537,,,0.0016496614553034306,0.039838675409555435,0.02833843044936657,,,
0.009707999415695667,186,80970,0.09543349593877792,0.052000947296619415,,,,,,
,186,80970,,,0.0017729098908603191,0.041204459965229034,0.029012594372034073,,,
0.010208630934357643,187,81403,0.0979524776339531,0.05189221352338791,,,,,,
,187,81403,,,0.0020662127062678337,0.04445073753595352,0.031192224472761154,,,
0.008802704513072968,188,81836,0.0892217680811882,0.044910795986652374,,,,,,
,188,81836,,,0.0021339801605790854,0.044536035507917404,0.03143623471260071,,,
0.008507516235113144,189,82269,0.0880017951130867,0.04421326518058777,,,,,,
,189,82269,,,0.0013470996636897326,0.03619126230478287,0.02596169151365757,,,
0.009046549908816814,190,82702,0.09067759662866592,0.0454280823469162,,,,,,
,190,82702,,,0.0013562425738200545,0.03632325679063797,0.02597835659980774,,,
0.009448261931538582,191,83135,0.0933758094906807,0.04968702793121338,,,,,,
,191,83135,,,0.0027230766136199236,0.05047140270471573,0.034672778099775314,,,
0.008807554841041565,192,83568,0.08994793146848679,0.04796724021434784,,,,,,
,192,83568,,,0.0016946224495768547,0.040592510253190994,0.02878146432340145,,,
0.010576024651527405,193,84001,0.09876643866300583,0.05389030650258064,,,,,,
,193,84001,,,0.003983777016401291,0.05763840675354004,0.039165813475847244,,,
0.009566831402480602,194,84434,0.09364023059606552,0.04753062501549721,,,,,,
,194,84434,,,0.002754169749096036,0.05052031949162483,0.033919740468263626,,,
0.00880487821996212,195,84867,0.08931925147771835,0.04463940113782883,,,,,,
,195,84867,,,0.001657392829656601,0.039997123181819916,0.028069118037819862,,,
0.008404587395489216,196,85300,0.08725815266370773,0.044209107756614685,,,,,,
,196,85300,,,0.001215101801790297,0.03443576395511627,0.02470160648226738,,,
0.008390182629227638,197,85733,0.08754395693540573,0.04555114731192589,,,,,,
,197,85733,,,0.0011950214393436909,0.03406626731157303,0.024453749880194664,,,
0.00860993005335331,198,86166,0.0886276513338089,0.04453231766819954,,,,,,
,198,86166,,,0.00119890330825001,0.03416597470641136,0.02473127469420433,,,
0.009670634754002094,199,86599,0.0937473475933075,0.049869805574417114,,,,,,
,199,86599,,,0.001266165403649211,0.03505450487136841,0.02520618587732315,,,
0.00852870848029852,200,87032,0.08829180896282196,0.04645155370235443,,,,,,
,200,87032,,,0.0013672561617568135,0.03636395186185837,0.025961657986044884,,,
0.008890734985470772,201,87465,0.08993090689182281,0.04554244130849838,,,,,,
,201,87465,,,0.001341345370747149,0.036170851439237595,0.025910723954439163,,,
0.011785146780312061,202,87898,0.10547921806573868,0.06150830164551735,,,,,,
,202,87898,,,0.0018893072847276926,0.041247908025979996,0.02872539311647415,,,
0.009108025580644608,203,88331,0.09109781682491302,0.0479561984539032,,,,,,
,203,88331,,,0.0027833159547299147,0.05141926184296608,0.03473154082894325,,,
0.008800112642347813,204,88764,0.08943207561969757,0.04777867719531059,,,,,,
,204,88764,,,0.0017741627525538206,0.040892619639635086,0.028497865423560143,,,
0.008432297967374325,205,89197,0.08705846965312958,0.044076915830373764,,,,,,
,205,89197,,,0.0011508011957630515,0.03353095054626465,0.024133676663041115,,,
0.008443125523626804,206,89630,0.08733271807432175,0.04332038015127182,,,,,,
,206,89630,,,0.001063023810274899,0.03217429667711258,0.023232774809002876,,,
0.011865884996950626,207,90063,0.10604830831289291,0.0635417029261589,,,,,,
,207,90063,,,0.0012173079885542393,0.03382793068885803,0.024025771766901016,,,
0.008792974054813385,208,90496,0.09012939780950546,0.046461720019578934,,,,,,
,208,90496,,,0.003227995242923498,0.054596491158008575,0.037591006606817245,,,
0.00848454050719738,209,90929,0.08847665041685104,0.04416573420166969,,,,,,
,209,90929,,,0.0014541980344802141,0.03752075135707855,0.02643423154950142,,,
0.008532021194696426,210,91362,0.0886189192533493,0.04502955824136734,,,,,,
,210,91362,,,0.0011041979305446148,0.03278406709432602,0.023589979857206345,,,
0.008199124597012997,211,91795,0.08774980157613754,0.04592333734035492,,,,,,
,211,91795,,,0.0010989960283041,0.032668739557266235,0.023564539849758148,,,
0.008385397493839264,212,92228,0.08796403557062149,0.04513730853796005,,,,,,
,212,92228,,,0.0014282797928899527,0.03711964190006256,0.02638166770339012,,,
0.008443246595561504,213,92661,0.08753592520952225,0.04453403502702713,,,,,,
,213,92661,,,0.001297262846492231,0.035355180501937866,0.025136468932032585,,,
0.008347168564796448,214,93094,0.08711829781532288,0.043829966336488724,,,,,,
,214,93094,,,0.001169831259176135,0.03364276513457298,0.024119554087519646,,,
0.008656651712954044,215,93527,0.08894950151443481,0.04487089440226555,,,,,,
,215,93527,,,0.0012452545342966914,0.03464697673916817,0.024693688377738,,,
0.009044618345797062,216,93960,0.09123443812131882,0.04805532097816467,,,,,,
,216,93960,,,0.0026315513532608747,0.048818815499544144,0.03344240039587021,,,
0.01073103491216898,217,94393,0.09909074008464813,0.05270042270421982,,,,,,
,217,94393,,,0.001750500756315887,0.04083171859383583,0.028144771233201027,,,
0.008550659753382206,218,94826,0.08776414394378662,0.04308469593524933,,,,,,
,218,94826,,,0.0011599550489336252,0.03326621651649475,0.023691244423389435,,,
0.009903063997626305,219,95259,0.09554387629032135,0.04884650558233261,,,,,,
,219,95259,,,0.0010190517641603947,0.031044652685523033,0.022168103605508804,,,
0.008517444133758545,220,95692,0.08792039006948471,0.044807400554418564,,,,,,
,220,95692,,,0.0014027958968654275,0.036334168165922165,0.02557126060128212,,,
0.008683069609105587,221,96125,0.08870338648557663,0.04352114349603653,,,,,,
,221,96125,,,0.000979342614300549,0.030843624845147133,0.022283675149083138,,,
0.009657327085733414,222,96558,0.0936565101146698,0.04695264995098114,,,,,,
,222,96558,,,0.0017759434413164854,0.03920365124940872,0.027744410559535027,,,
0.008436031639575958,223,96991,0.08747266978025436,0.043058644980192184,,,,,,
,223,96991,,,0.0011514530051499605,0.0333668552339077,0.0239829383790493,,,
0.008651514537632465,224,97424,0.08884678781032562,0.04475919157266617,,,,,,
,224,97424,,,0.0009435615502297878,0.03030705638229847,0.02198401279747486,,,
0.008820703253149986,225,97857,0.08937022089958191,0.044027719646692276,,,,,,
,225,97857,,,0.0009925715858116746,0.030967464670538902,0.02229372039437294,,,
0.008704617619514465,226,98290,0.08894580602645874,0.04528575763106346,,,,,,
,226,98290,,,0.0014416001504287124,0.03681734949350357,0.025605199858546257,,,
0.008288283832371235,227,98723,0.08710477501153946,0.04569046571850777,,,,,,
,227,98723,,,0.0009910773951560259,0.031023917719721794,0.022356636822223663,,,
0.008409705013036728,228,99156,0.08759619295597076,0.04360333830118179,,,,,,
,228,99156,,,0.0008874955237843096,0.029436517506837845,0.02141677588224411,,,
0.008595005609095097,229,99589,0.08854185789823532,0.043790053576231,,,,,,
,229,99589,,,0.0009029190987348557,0.02960558980703354,0.021549010649323463,,,
0.008674929849803448,230,100022,0.08985963463783264,0.04684732109308243,,,,,,
,230,100022,,,0.0011653651017695665,0.0331982858479023,0.023701783269643784,,,
0.009016397409141064,231,100455,0.09150415658950806,0.045903004705905914,,,,,,
,231,100455,,,0.001345941098406911,0.03591169789433479,0.02538422867655754,,,
0.008605520240962505,232,100888,0.08860502392053604,0.04397669807076454,,,,,,
,232,100888,,,0.002055593766272068,0.043146777898073196,0.029592841863632202,,,
0.008347234688699245,233,101321,0.08733759075403214,0.04315490275621414,,,,,,
,233,101321,,,0.0009910300141200423,0.03100680559873581,0.022283626720309258,,,
0.010465522296726704,234,101754,0.0989675298333168,0.04882137104868889,,,,,,
,234,101754,,,0.0008335685706697404,0.028326870873570442,0.020439518615603447,,,
0.008276689797639847,235,102187,0.08662477880716324,0.0426299124956131,,,,,,
,235,102187,,,0.0008782257209531963,0.028944842517375946,0.02096628211438656,,,
0.008369110524654388,236,102620,0.08726233243942261,0.043428611010313034,,,,,,
,236,102620,,,0.0007800559978932142,0.02755388244986534,0.02000940404832363,,,
0.009925379417836666,237,103053,0.09584850817918777,0.051041148602962494,,,,,,
,237,103053,,,0.0013448698446154594,0.034154802560806274,0.023970821872353554,,,
0.008733260445296764,238,103486,0.08946537971496582,0.04496262967586517,,,,,,
,238,103486,,,0.0012019238201901317,0.03390268608927727,0.024166561663150787,,,
0.008260535076260567,239,103919,0.0873894989490509,0.04416443407535553,,,,,,
,239,103919,,,0.0008714794530533254,0.028977034613490105,0.02088738977909088,,,
0.008223333396017551,240,104352,0.08659792691469193,0.043189637362957,,,,,,
,240,104352,,,0.0007755986880511045,0.027445673942565918,0.020027732476592064,,,
0.008377021178603172,241,104785,0.08735477924346924,0.042250387370586395,,,,,,
,241,104785,,,0.0007310569635592401,0.02668779529631138,0.01943247579038143,,,
0.00880854669958353,242,105218,0.08975064754486084,0.04398803785443306,,,,,,
,242,105218,,,0.000776394852437079,0.027393022552132607,0.02002544142305851,,,
0.008451989851891994,243,105651,0.08784855902194977,0.04259738698601723,,,,,,
,243,105651,,,0.0008738705073483288,0.029083406552672386,0.02104341983795166,,,
0.008314977400004864,244,106084,0.08711709082126617,0.04209480807185173,,,,,,
,244,106084,,,0.0008615189581178129,0.028920644894242287,0.0208909809589386,,,
0.01258948165923357,245,106517,0.10923095792531967,0.059549055993556976,,,,,,
,245,106517,,,0.0009443488088436425,0.029073422774672508,0.020722074434161186,,,
0.008475127629935741,246,106950,0.08824922144412994,0.04491845890879631,,,,,,
,246,106950,,,0.0020160453859716654,0.043061550706624985,0.0294575784355402,,,
0.008460897020995617,247,107383,0.08806799352169037,0.045533087104558945,,,,,,
,247,107383,,,0.0013273359509184957,0.03464839980006218,0.023934287950396538,,,
0.008111069910228252,248,107816,0.08572184294462204,0.041387200355529785,,,,,,
,248,107816,,,0.0007391365361399949,0.026733532547950745,0.019250953570008278,,,
0.008283606730401516,249,108249,0.08687768876552582,0.04227396100759506,,,,,,
,249,108249,,,0.0007064626552164555,0.026141274720430374,0.018954677507281303,,,
0.00836264993995428,250,108682,0.08703196793794632,0.042108554393053055,,,,,,
,250,108682,,,0.0006562083726748824,0.025204744189977646,0.018363039940595627,,,
0.00826235394924879,251,109115,0.08670012652873993,0.04160134494304657,,,,,,
,251,109115,,,0.0006604610825888813,0.02531200833618641,0.018433254212141037,,,
0.008533455431461334,252,109548,0.0880948007106781,0.04228953272104263,,,,,,
,252,109548,,,0.0006611293647438288,0.02537352964282036,0.01853230781853199,,,
0.008503046818077564,253,109981,0.08760831505060196,0.042609408497810364,,,,,,
,253,109981,,,0.0007018505712039769,0.026140257716178894,0.019035039469599724,,,
0.008859487250447273,254,110414,0.09053544700145721,0.04759340360760689,,,,,,
,254,110414,,,0.001589323626831174,0.03571675345301628,0.02441602759063244,,,
0.008318819105625153,255,110847,0.08671026676893234,0.041881345212459564,,,,,,
,255,110847,,,0.0013206824660301208,0.034943681210279465,0.02394031174480915,,,
0.008088423870503902,256,111280,0.0856328010559082,0.04149948060512543,,,,,,
,256,111280,,,0.0006995440926402807,0.025911910459399223,0.018645768985152245,,,
0.00822228379547596,257,111713,0.08641983568668365,0.04297884181141853,,,,,,
,257,111713,,,0.0005952822393737733,0.023896044120192528,0.01731325499713421,,,
0.008170390501618385,258,112146,0.08592786639928818,0.041059330105781555,,,,,,
,258,112146,,,0.0005821149097755551,0.023716161027550697,0.01734393648803234,,,
0.008517357520759106,259,112579,0.08797349035739899,0.042262300848960876,,,,,,
,259,112579,,,0.0005845726118423045,0.023763952776789665,0.017401019111275673,,,
0.008116183802485466,260,113012,0.0860501229763031,0.04225284233689308,,,,,,
,260,113012,,,0.0006503015174530447,0.025066673755645752,0.01815173216164112,,,
0.008461370132863522,261,113445,0.087809257209301,0.04220819100737572,,,,,,
,261,113445,,,0.0009812478674575686,0.030194364488124847,0.021156419068574905,,,
0.008550215512514114,262,113878,0.08807455748319626,0.04242516681551933,,,,,,
,262,113878,,,0.0007324915495701134,0.026484893634915352,0.019008619710803032,,,
0.008465631864964962,263,114311,0.08738597482442856,0.042131952941417694,,,,,,
,263,114311,,,0.0006171647110022604,0.024465778842568398,0.017899736762046814,,,
0.008810833096504211,264,114744,0.08918000012636185,0.0434737354516983,,,,,,
,264,114744,,,0.0007454383303411305,0.02637890912592411,0.018858879804611206,,,
0.008356994017958641,265,115177,0.08661165833473206,0.04120967909693718,,,,,,
,265,115177,,,0.0005947247263975441,0.024000322446227074,0.017560597509145737,,,
0.009545227512717247,266,115610,0.09348887950181961,0.04807092994451523,,,,,,
,266,115610,,,0.0008679860620759428,0.0277628805488348,0.0197700597345829,,,
0.008435691706836224,267,116043,0.08711101859807968,0.04137055575847626,,,,,,
,267,116043,,,0.0009061868186108768,0.029260791838169098,0.020793477073311806,,,
0.008596762083470821,268,116476,0.08797658234834671,0.04187625274062157,,,,,,
,268,116476,,,0.0005770419957116246,0.023579567670822144,0.01704951748251915,,,
0.008479488082230091,269,116909,0.08708278834819794,0.04073694720864296,,,,,,
,269,116909,,,0.0005235120770521462,0.022462686523795128,0.016334356740117073,,,
0.008570768870413303,270,117342,0.08791521191596985,0.04193553701043129,,,,,,
,270,117342,,,0.000513251347001642,0.022271277382969856,0.016332823783159256,,,
0.008586719632148743,271,117775,0.08807547390460968,0.04316914826631546,,,,,,
,271,117775,,,0.0006239769863896072,0.024434352293610573,0.01788189448416233,,,
0.008613202720880508,272,118208,0.08841382712125778,0.04240652173757553,,,,,,
,272,118208,,,0.0008562428411096334,0.028355075046420097,0.020315174013376236,,,
0.008600612170994282,273,118641,0.08812803030014038,0.04182178154587746,,,,,,
,273,118641,,,0.0005968455225229263,0.023998189717531204,0.017364000901579857,,,
0.008486530743539333,274,119074,0.0875789225101471,0.04119562730193138,,,,,,
,274,119074,,,0.000602531130425632,0.024057552218437195,0.01744135469198227,,,
0.008520005270838737,275,119507,0.08788423985242844,0.04195774346590042,,,,,,
,275,119507,,,0.0005934603977948427,0.023978084325790405,0.017391256988048553,,,
0.00978834368288517,276,119940,0.09436292946338654,0.0445174016058445,,,,,,
,276,119940,,,0.0005537454853765666,0.02315625548362732,0.016879411414265633,,,
0.008752677589654922,277,120373,0.08858682215213776,0.041503824293613434,,,,,,
,277,120373,,,0.0006945274653844535,0.025524381548166275,0.018278134986758232,,,
0.008402510546147823,278,120806,0.08701644092798233,0.04087638109922409,,,,,,
,278,120806,,,0.000506676035001874,0.022156324237585068,0.016185712069272995,,,
0.008712145499885082,279,121239,0.0887819454073906,0.04419434443116188,,,,,,
,279,121239,,,0.0008289163233712316,0.02724693901836872,0.019157137721776962,,,
0.008586441166698933,280,121672,0.0876808688044548,0.04178183898329735,,,,,,
,280,121672,,,0.0005951912025921047,0.02391592413187027,0.017251621931791306,,,
0.008369204588234425,281,122105,0.08673813194036484,0.040695954114198685,,,,,,
,281,122105,,,0.0004948096466250718,0.021869467571377754,0.01601448282599449,,,
0.008368668146431446,282,122538,0.08690876513719559,0.04125760868191719,,,,,,
,282,122538,,,0.0004802182666026056,0.021517250686883926,0.01569771207869053,,,
0.00849664956331253,283,122971,0.0873490646481514,0.041207194328308105,,,,,,
,283,122971,,,0.000505962991155684,0.02216828241944313,0.016207994893193245,,,
0.008426805026829243,284,123404,0.08703842759132385,0.04201710224151611,,,,,,
,284,123404,,,0.0004989831359125674,0.022000260651111603,0.016090989112854004,,,
0.008572196587920189,285,123837,0.08792658895254135,0.04136262461543083,,,,,,
,285,123837,,,0.0005237752920947969,0.022483980283141136,0.016442453488707542,,,
0.00846005603671074,286,124270,0.08722920715808868,0.04311684891581535,,,,,,
,286,124270,,,0.00047633307985961437,0.021486381068825722,0.01572301983833313,,,
0.008482330478727818,287,124703,0.08729588985443115,0.040741946548223495,,,,,,
,287,124703,,,0.0008045374415814877,0.026761531829833984,0.018851352855563164,,,
0.008561533875763416,288,125136,0.0874943658709526,0.040904223918914795,,,,,,
,288,125136,,,0.0004889341071248055,0.021732067689299583,0.015811536461114883,,,
0.008502310141921043,289,125569,0.08732655644416809,0.041000545024871826,,,,,,
,289,125569,,,0.0004607475711964071,0.02106289565563202,0.01533502247184515,,,
0.008420590311288834,290,126002,0.08706168830394745,0.04081644117832184,,,,,,
,290,126002,,,0.00043472557445056736,0.02050093002617359,0.015010462142527103,,,
0.008408969268202782,291,126435,0.08668581396341324,0.04042665287852287,,,,,,
,291,126435,,,0.0004409600223880261,0.02067095972597599,0.015221372246742249,,,
0.008430581539869308,292,126868,0.08685620129108429,0.040509093552827835,,,,,,
,292,126868,,,0.0004600025131367147,0.02109702117741108,0.01541097741574049,,,
0.008695694617927074,293,127301,0.08809594064950943,0.04091610759496689,,,,,,
,293,127301,,,0.0004908324917778373,0.02173173800110817,0.01580403745174408,,,
0.00857531651854515,294,127734,0.08732693642377853,0.041204992681741714,,,,,,
,294,127734,,,0.00042834808118641376,0.020354807376861572,0.014883680269122124,,,
0.008414212614297867,295,128167,0.0868743434548378,0.04068552702665329,,,,,,
,295,128167,,,0.00048642122419551015,0.021609874442219734,0.01573304273188114,,,
0.008420566096901894,296,128600,0.08682947605848312,0.04141496494412422,,,,,,
,296,128600,,,0.0004404837964102626,0.020628752186894417,0.015122616663575172,,,
0.0084778917953372,297,129033,0.08710187673568726,0.04088999703526497,,,,,,
,297,129033,,,0.0011980277486145496,0.0320308580994606,0.02148684673011303,,,
0.008386470377445221,298,129466,0.08657167851924896,0.04054808244109154,,,,,,
,298,129466,,,0.00043088485836051404,0.0204081479460001,0.014826172962784767,,,
0.0084668705239892,299,129899,0.08751968294382095,0.042258601635694504,,,,,,
,299,129899,,,0.0003755012294277549,0.01900756172835827,0.013913829810917377,,,
0.008487008512020111,300,130332,0.08703600615262985,0.04065171256661415,,,,,,
,300,130332,,,0.0003914276312571019,0.019394410774111748,0.014221332035958767,,,
0.008473102934658527,301,130765,0.0868505910038948,0.040183648467063904,,,,,,
,301,130765,,,0.0003711422614287585,0.018891120329499245,0.013808860443532467,,,
0.008523921482264996,302,131198,0.08717051148414612,0.04010072723031044,,,,,,
,302,131198,,,0.00035703059984371066,0.018552303314208984,0.013611195608973503,,,
0.008405597880482674,303,131631,0.08676553517580032,0.04096919298171997,,,,,,
,303,131631,,,0.0003807977482210845,0.019142499193549156,0.014016197994351387,,,
0.00844018254429102,304,132064,0.08687620609998703,0.040366217494010925,,,,,,
,304,132064,,,0.0004165500868111849,0.020092185586690903,0.014679140411317348,,,
0.008572368882596493,305,132497,0.08767525106668472,0.04073060676455498,,,,,,
,305,132497,,,0.0004125285486225039,0.019957322627305984,0.01458251103758812,,,
0.00839328859001398,306,132930,0.08660542219877243,0.04035798832774162,,,,,,
,306,132930,,,0.0003624852979555726,0.018716830760240555,0.013723911717534065,,,
0.00853854138404131,307,133363,0.08751309663057327,0.04048623517155647,,,,,,
,307,133363,,,0.0003712910693138838,0.018942000344395638,0.013927401974797249,,,
0.008460188284516335,308,133796,0.08704321831464767,0.040702491998672485,,,,,,
,308,133796,,,0.00035279488656669855,0.01843012124300003,0.01348623726516962,,,
0.008654769510030746,309,134229,0.08782687783241272,0.04150189086794853,,,,,,
,309,134229,,,0.00040120919584296644,0.01959349401295185,0.014302595518529415,,,
0.008560617454349995,310,134662,0.08749999850988388,0.040632981806993484,,,,,,
,310,134662,,,0.0004121198144275695,0.019941085949540138,0.014526408165693283,,,
0.008636918850243092,311,135095,0.08795728534460068,0.04015462473034859,,,,,,
,311,135095,,,0.0003663039824459702,0.018795732408761978,0.01376284472644329,,,
0.009122493676841259,312,135528,0.09068414568901062,0.04415042698383331,,,,,,
,312,135528,,,0.0005420866655185819,0.02168700471520424,0.015286395326256752,,,
0.008559810929000378,313,135961,0.08758897334337234,0.040932849049568176,,,,,,
,313,135961,,,0.00039674152503721416,0.019511288031935692,0.014256314374506474,,,
0.008551905862987041,314,136394,0.0872696042060852,0.03993695601820946,,,,,,
,314,136394,,,0.00031402858439832926,0.017446884885430336,0.012793336063623428,,,
0.008538828231394291,315,136827,0.0874711200594902,0.04117012768983841,,,,,,
,315,136827,,,0.00031482643680647016,0.017381634563207626,0.0127261346206069,,,
0.00868758000433445,316,137260,0.08777797967195511,0.04002884402871132,,,,,,
,316,137260,,,0.0003169754345435649,0.017469258978962898,0.012825636193156242,,,
0.008600670844316483,317,137693,0.08778005093336105,0.04109843075275421,,,,,,
,317,137693,,,0.0003951843536924571,0.019147267565131187,0.013862084597349167,,,
0.008392207324504852,318,138126,0.08658634126186371,0.040104664862155914,,,,,,
,318,138126,,,0.00030994543340057135,0.017290988937020302,0.012693108059465885,,,
0.008458616212010384,319,138559,0.08714397251605988,0.0400286465883255,,,,,,
,319,138559,,,0.0002991675864905119,0.016963906586170197,0.012487493455410004,,,
0.008548825979232788,320,138992,0.08746512979269028,0.04087701812386513,,,,,,
,320,138992,,,0.0003132083802483976,0.01732804998755455,0.012726753018796444,,,
0.00827015656977892,321,139425,0.08624695241451263,0.039826150983572006,,,,,,
,321,139425,,,0.00034532969584688544,0.018228383734822273,0.013347290456295013,,,
0.008556117303669453,322,139858,0.08749011904001236,0.04032963886857033,,,,,,
,322,139858,,,0.00030268190312199295,0.01702962815761566,0.012485501356422901,,,
0.008419312536716461,323,140291,0.0866689458489418,0.03996424749493599,,,,,,
,323,140291,,,0.0002946027379948646,0.016846459358930588,0.012285917066037655,,,
0.008501949720084667,324,140724,0.08729057759046555,0.040358930826187134,,,,,,
,324,140724,,,0.00028455251595005393,0.016541235148906708,0.012115327641367912,,,
0.0084562161937356,325,141157,0.08705120533704758,0.04057258740067482,,,,,,
,325,141157,,,0.0002927259192802012,0.016769981011748314,0.012318977154791355,,,
0.008490592241287231,326,141590,0.08714279532432556,0.04017484188079834,,,,,,
,326,141590,,,0.00030681435600854456,0.017114726826548576,0.012478576973080635,,,
0.00840600486844778,327,142023,0.08685389906167984,0.040002595633268356,,,,,,
,327,142023,,,0.000285979884210974,0.016563650220632553,0.012207877822220325,,,
0.008468796499073505,328,142456,0.08706045895814896,0.03990980610251427,,,,,,
,328,142456,,,0.0002745792153291404,0.016263199970126152,0.011934222653508186,,,
0.008325456641614437,329,142889,0.08663248270750046,0.0399882011115551,,,,,,
,329,142889,,,0.0002770121500361711,0.016306255012750626,0.012010599486529827,,,
0.008442672900855541,330,143322,0.0869724377989769,0.039924513548612595,,,,,,
,330,143322,,,0.00028547507827170193,0.016574310138821602,0.012210135348141193,,,
0.008382897824048996,331,143755,0.08652712404727936,0.03981691226363182,,,,,,
,331,143755,,,0.0002700373879633844,0.016060316935181618,0.011764907278120518,,,
0.008390231058001518,332,144188,0.08690717071294785,0.039961978793144226,,,,,,
,332,144188,,,0.0003101113543380052,0.017153101041913033,0.01250142976641655,,,
0.008346915245056152,333,144621,0.0867682471871376,0.04005361720919609,,,,,,
,333,144621,,,0.00025966204702854156,0.015785085037350655,0.011567536741495132,,,
0.00836446974426508,334,145054,0.08688458055257797,0.03995434194803238,,,,,,
,334,145054,,,0.00024661747738718987,0.015357550233602524,0.011286649852991104,,,
0.008397156372666359,335,145487,0.08675023913383484,0.039589542895555496,,,,,,
,335,145487,,,0.00027627410599961877,0.01621438004076481,0.011828540824353695,,,
0.008284303359687328,336,145920,0.08623511344194412,0.039348386228084564,,,,,,
,336,145920,,,0.0002698740572668612,0.01592821069061756,0.01162125077098608,,,
0.008359864354133606,337,146353,0.08652117103338242,0.03963295742869377,,,,,,
,337,146353,,,0.0002546452742535621,0.015584654174745083,0.011469574645161629,,,
0.008393355645239353,338,146786,0.08654602617025375,0.039497699588537216,,,,,,
,338,146786,,,0.0002568293421063572,0.01562945917248726,0.011430418118834496,,,
0.008439403958618641,339,147219,0.08710639178752899,0.04053010046482086,,,,,,
,339,147219,,,0.00023841948132030666,0.015071896836161613,0.011045661754906178,,,
0.008347858674824238,340,147652,0.0866566151380539,0.03991071134805679,,,,,,
,340,147652,,,0.00025258210371248424,0.015529528260231018,0.0113822715356946,,,
0.00829628761857748,341,148085,0.08650069683790207,0.04015466198325157,,,,,,
,341,148085,,,0.00024283402308356017,0.015210320241749287,0.011129395104944706,,,
0.00854448787868023,342,148518,0.08766178786754608,0.041515834629535675,,,,,,
,342,148518,,,0.00023329799296334386,0.014902559109032154,0.01089687179774046,,,
0.008223713375627995,343,148951,0.08591202646493912,0.03963270038366318,,,,,,
,343,148951,,,0.00022839622397441417,0.014765886589884758,0.01083029992878437,,,
0.00821365974843502,344,149384,0.08568817377090454,0.03937654569745064,,,,,,
,344,149384,,,0.0002205270284321159,0.01450259331613779,0.010652989149093628,,,
0.008339918218553066,345,149817,0.08658535778522491,0.03940841555595398,,,,,,
,345,149817,,,0.0002233199920738116,0.014598611742258072,0.010699114762246609,,,
0.008315746672451496,346,150250,0.08664138615131378,0.039797548204660416,,,,,,
,346,150250,,,0.0002161321317544207,0.014317629858851433,0.010495755821466446,,,
0.008277098648250103,347,150683,0.08621348440647125,0.03948308527469635,,,,,,
,347,150683,,,0.00021922128507867455,0.014447969384491444,0.010617678984999657,,,
0.008420110680162907,348,151116,0.08690078556537628,0.039837080985307693,,,,,,
,348,151116,,,0.00022358592832461,0.014525176957249641,0.010576608590781689,,,
0.008278774097561836,349,151549,0.08602108061313629,0.03970019891858101,,,,,,
,349,151549,,,0.00021913867385592312,0.014446013607084751,0.010567396879196167,,,
0.008275138214230537,350,151982,0.08624166995286942,0.0396091490983963,,,,,,
,350,151982,,,0.0002091095084324479,0.014099495485424995,0.010306783951818943,,,
0.0083016287535429,351,152415,0.08628308027982712,0.03971334174275398,,,,,,
,351,152415,,,0.00020452668832149357,0.013958784751594067,0.010201241821050644,,,
0.008348576724529266,352,152848,0.08642212301492691,0.039500702172517776,,,,,,
,352,152848,,,0.00020125853188801557,0.013825728558003902,0.010160726495087147,,,
0.008214584551751614,353,153281,0.08605293929576874,0.039382148534059525,,,,,,
,353,153281,,,0.00019678658281918615,0.013686487451195717,0.010036696679890156,,,
0.008340234868228436,354,153714,0.08672187477350235,0.03997509181499481,,,,,,
,354,153714,,,0.00021677699987776577,0.01433010958135128,0.010469549335539341,,,
0.008291241712868214,355,154147,0.08640403300523758,0.03955624997615814,,,,,,
,355,154147,,,0.0001971252786461264,0.013681217096745968,0.010042288340628147,,,
0.00826471671462059,356,154580,0.086269810795784,0.039554350078105927,,,,,,
,356,154580,,,0.00024420363479293883,0.014746119268238544,0.010600578039884567,,,
,357,154581,,,,,,0.006594820413738489,0.03770318254828453,0.07812780886888504
